id_code,diagnosis,path
573ea80a53be,0,/kaggle/input/competitions/aptos2019-blindness-detection/train_images/573ea80a53be.png
b0f8613305a3,0,/kaggle/input/competitions/aptos2019-blindness-detection/train_images/b0f8613305a3.png
9e2a8135f471,0,/kaggle/input/competitions/aptos2019-blindness-detection/train_images/9e2a8135f471.png
e7a372a1c3a4,2,/kaggle/input/competitions/aptos2019-blindness-detection/train_images/e7a372a1c3a4.png
5069feccd866,0,/kaggle/input/competitions/aptos2019-blindness-detection/train_images/5069feccd866.png
d271d3a2b552,4,/kaggle/input/competitions/aptos2019-blindness-detection/train_images/d271d3a2b552.png
2da82d14e1b7,0,/kaggle/input/competitions/aptos2019-blindness-detection/train_images/2da82d14e1b7.png
e9286ddf6ffe,1,/kaggle/input/competitions/aptos2019-blindness-detection/train_images/e9286ddf6ffe.png
a763661f98a5,3,/kaggle/input/competitions/aptos2019-blindness-detection/train_images/a763661f98a5.png
af345c68e836,0,/kaggle/input/competitions/aptos2019-blindness-detection/train_images/af345c68e836.png
c97472ef2c66,0,/kaggle/input/competitions/aptos2019-blindness-detection/train_images/c97472ef2c66.png
fc4d69128e7c,2,/kaggle/input/competitions/aptos2019-blindness-detection/train_images/fc4d69128e7c.png
15528e740543,2,/kaggle/input/competitions/aptos2019-blindness-detection/train_images/15528e740543.png
d3e56584a481,0,/kaggle/input/competitions/aptos2019-blindness-detection/train_images/d3e56584a481.png
388279491b5d,0,/kaggle/input/competitions/aptos2019-blindness-detection/train_images/388279491b5d.png
6c2555a9cae4,2,/kaggle/input/competitions/aptos2019-blindness-detection/train_images/6c2555a9cae4.png
ba735b286d62,4,/kaggle/input/competitions/aptos2019-blindness-detection/train_images/ba735b286d62.png
cec299c2a2d5,0,/kaggle/input/competitions/aptos2019-blindness-detection/train_images/cec299c2a2d5.png
99c626e58464,0,/kaggle/input/competitions/aptos2019-blindness-detection/train_images/99c626e58464.png
33b91def2035,0,/kaggle/input/competitions/aptos2019-blindness-detection/train_images/33b91def2035.png
de778495a1cd,2,/kaggle/input/competitions/aptos2019-blindness-detection/train_images/de778495a1cd.png
b50b30aa6e6c,1,/kaggle/input/competitions/aptos2019-blindness-detection/train_images/b50b30aa6e6c.png
e3ec668f6fad,4,/kaggle/input/competitions/aptos2019-blindness-detection/train_images/e3ec668f6fad.png
a1faeb4d5f10,0,/kaggle/input/competitions/aptos2019-blindness-detection/train_images/a1faeb4d5f10.png
30941b65348b,1,/kaggle/input/competitions/aptos2019-blindness-detection/train_images/30941b65348b.png
91cf56d3d1af,3,/kaggle/input/competitions/aptos2019-blindness-detection/train_images/91cf56d3d1af.png
bab776139279,0,/kaggle/input/competitions/aptos2019-blindness-detection/train_images/bab776139279.png
bda91b76095b,0,/kaggle/input/competitions/aptos2019-blindness-detection/train_images/bda91b76095b.png
0c38940e1f80,0,/kaggle/input/competitions/aptos2019-blindness-detection/train_images/0c38940e1f80.png
9568eb7e9c08,2,/kaggle/input/competitions/aptos2019-blindness-detection/train_images/9568eb7e9c08.png
c5ad60521f8c,2,/kaggle/input/competitions/aptos2019-blindness-detection/train_images/c5ad60521f8c.png
83a63c4a3e4a,0,/kaggle/input/competitions/aptos2019-blindness-detection/train_images/83a63c4a3e4a.png
d868acdccb5b,3,/kaggle/input/competitions/aptos2019-blindness-detection/train_images/d868acdccb5b.png
98fbe56dcc2c,1,/kaggle/input/competitions/aptos2019-blindness-detection/train_images/98fbe56dcc2c.png
f64b6e85f1c9,0,/kaggle/input/competitions/aptos2019-blindness-detection/train_images/f64b6e85f1c9.png
eed4afc8ec83,1,/kaggle/input/competitions/aptos2019-blindness-detection/train_images/eed4afc8ec83.png
37c4dfe03aba,4,/kaggle/input/competitions/aptos2019-blindness-detection/train_images/37c4dfe03aba.png
cb547e723a16,4,/kaggle/input/competitions/aptos2019-blindness-detection/train_images/cb547e723a16.png
18f1f979d30d,2,/kaggle/input/competitions/aptos2019-blindness-detection/train_images/18f1f979d30d.png
15cc2aef772a,1,/kaggle/input/competitions/aptos2019-blindness-detection/train_images/15cc2aef772a.png
ace2281f00c4,0,/kaggle/input/competitions/aptos2019-blindness-detection/train_images/ace2281f00c4.png
e26d8718ca58,1,/kaggle/input/competitions/aptos2019-blindness-detection/train_images/e26d8718ca58.png
51030843fde2,2,/kaggle/input/competitions/aptos2019-blindness-detection/train_images/51030843fde2.png
d659d7fd5ccf,4,/kaggle/input/competitions/aptos2019-blindness-detection/train_images/d659d7fd5ccf.png
93421787f520,0,/kaggle/input/competitions/aptos2019-blindness-detection/train_images/93421787f520.png
f35d80bb1a22,0,/kaggle/input/competitions/aptos2019-blindness-detection/train_images/f35d80bb1a22.png
e65a2ff90494,2,/kaggle/input/competitions/aptos2019-blindness-detection/train_images/e65a2ff90494.png
d6f6bdfd8011,0,/kaggle/input/competitions/aptos2019-blindness-detection/train_images/d6f6bdfd8011.png
e265c870f9b3,2,/kaggle/input/competitions/aptos2019-blindness-detection/train_images/e265c870f9b3.png
40c24aded50c,0,/kaggle/input/competitions/aptos2019-blindness-detection/train_images/40c24aded50c.png
a1e236fbc863,0,/kaggle/input/competitions/aptos2019-blindness-detection/train_images/a1e236fbc863.png
94ef1d14597f,4,/kaggle/input/competitions/aptos2019-blindness-detection/train_images/94ef1d14597f.png
b96b518596b3,4,/kaggle/input/competitions/aptos2019-blindness-detection/train_images/b96b518596b3.png
2974c6ad1d58,0,/kaggle/input/competitions/aptos2019-blindness-detection/train_images/2974c6ad1d58.png
3b58b02c89ed,2,/kaggle/input/competitions/aptos2019-blindness-detection/train_images/3b58b02c89ed.png
1ab8d3431ffc,0,/kaggle/input/competitions/aptos2019-blindness-detection/train_images/1ab8d3431ffc.png
f9aa35187bf3,2,/kaggle/input/competitions/aptos2019-blindness-detection/train_images/f9aa35187bf3.png
4c389d033cb0,0,/kaggle/input/competitions/aptos2019-blindness-detection/train_images/4c389d033cb0.png
f5650eb52640,1,/kaggle/input/competitions/aptos2019-blindness-detection/train_images/f5650eb52640.png
4d47300e3ddb,3,/kaggle/input/competitions/aptos2019-blindness-detection/train_images/4d47300e3ddb.png
094858f005ab,2,/kaggle/input/competitions/aptos2019-blindness-detection/train_images/094858f005ab.png
12058bbb8299,0,/kaggle/input/competitions/aptos2019-blindness-detection/train_images/12058bbb8299.png
224bb938e2dd,2,/kaggle/input/competitions/aptos2019-blindness-detection/train_images/224bb938e2dd.png
e62490b7d0e9,4,/kaggle/input/competitions/aptos2019-blindness-detection/train_images/e62490b7d0e9.png
6c3745a222da,4,/kaggle/input/competitions/aptos2019-blindness-detection/train_images/6c3745a222da.png
b2748ac28fc1,2,/kaggle/input/competitions/aptos2019-blindness-detection/train_images/b2748ac28fc1.png
4462fba1d2a1,4,/kaggle/input/competitions/aptos2019-blindness-detection/train_images/4462fba1d2a1.png
8e7981855125,0,/kaggle/input/competitions/aptos2019-blindness-detection/train_images/8e7981855125.png
c6a2975228af,2,/kaggle/input/competitions/aptos2019-blindness-detection/train_images/c6a2975228af.png
bcc762618e7d,2,/kaggle/input/competitions/aptos2019-blindness-detection/train_images/bcc762618e7d.png
aa841de1ee82,2,/kaggle/input/competitions/aptos2019-blindness-detection/train_images/aa841de1ee82.png
658ad9f09f5d,0,/kaggle/input/competitions/aptos2019-blindness-detection/train_images/658ad9f09f5d.png
3694e8c8e09a,0,/kaggle/input/competitions/aptos2019-blindness-detection/train_images/3694e8c8e09a.png
d16e59a2b33a,0,/kaggle/input/competitions/aptos2019-blindness-detection/train_images/d16e59a2b33a.png
5a03fe3ed15c,2,/kaggle/input/competitions/aptos2019-blindness-detection/train_images/5a03fe3ed15c.png
63d217b059b6,2,/kaggle/input/competitions/aptos2019-blindness-detection/train_images/63d217b059b6.png
1633f8291a80,0,/kaggle/input/competitions/aptos2019-blindness-detection/train_images/1633f8291a80.png
1b329a127307,1,/kaggle/input/competitions/aptos2019-blindness-detection/train_images/1b329a127307.png
64c6c6ee0d98,0,/kaggle/input/competitions/aptos2019-blindness-detection/train_images/64c6c6ee0d98.png
ecb4500285ed,0,/kaggle/input/competitions/aptos2019-blindness-detection/train_images/ecb4500285ed.png
a821b6ecef33,0,/kaggle/input/competitions/aptos2019-blindness-detection/train_images/a821b6ecef33.png
33b978734eab,0,/kaggle/input/competitions/aptos2019-blindness-detection/train_images/33b978734eab.png
b9519abce0c1,0,/kaggle/input/competitions/aptos2019-blindness-detection/train_images/b9519abce0c1.png
682312e82ee3,0,/kaggle/input/competitions/aptos2019-blindness-detection/train_images/682312e82ee3.png
266fbefa58fb,0,/kaggle/input/competitions/aptos2019-blindness-detection/train_images/266fbefa58fb.png
ea1d045f9fea,2,/kaggle/input/competitions/aptos2019-blindness-detection/train_images/ea1d045f9fea.png
c0a0828e01b4,3,/kaggle/input/competitions/aptos2019-blindness-detection/train_images/c0a0828e01b4.png
e26bcae6c67b,0,/kaggle/input/competitions/aptos2019-blindness-detection/train_images/e26bcae6c67b.png
62ecdc90dd42,2,/kaggle/input/competitions/aptos2019-blindness-detection/train_images/62ecdc90dd42.png
436fa3fd145a,0,/kaggle/input/competitions/aptos2019-blindness-detection/train_images/436fa3fd145a.png
510aa0a898fa,2,/kaggle/input/competitions/aptos2019-blindness-detection/train_images/510aa0a898fa.png
af7a36454670,0,/kaggle/input/competitions/aptos2019-blindness-detection/train_images/af7a36454670.png
f3bb996b45ce,0,/kaggle/input/competitions/aptos2019-blindness-detection/train_images/f3bb996b45ce.png
8329e80c10ac,0,/kaggle/input/competitions/aptos2019-blindness-detection/train_images/8329e80c10ac.png
eba3acc42197,1,/kaggle/input/competitions/aptos2019-blindness-detection/train_images/eba3acc42197.png
6fbaaf8eb67a,0,/kaggle/input/competitions/aptos2019-blindness-detection/train_images/6fbaaf8eb67a.png
c31651ea04c6,3,/kaggle/input/competitions/aptos2019-blindness-detection/train_images/c31651ea04c6.png
33ffddea8c6e,1,/kaggle/input/competitions/aptos2019-blindness-detection/train_images/33ffddea8c6e.png
111898ab463d,1,/kaggle/input/competitions/aptos2019-blindness-detection/train_images/111898ab463d.png
959bb2d01091,0,/kaggle/input/competitions/aptos2019-blindness-detection/train_images/959bb2d01091.png
a8eb35b3bcd2,2,/kaggle/input/competitions/aptos2019-blindness-detection/train_images/a8eb35b3bcd2.png
df5ce3ea7820,2,/kaggle/input/competitions/aptos2019-blindness-detection/train_images/df5ce3ea7820.png
1d674e2e32e0,1,/kaggle/input/competitions/aptos2019-blindness-detection/train_images/1d674e2e32e0.png
8a3eb86ae4bd,0,/kaggle/input/competitions/aptos2019-blindness-detection/train_images/8a3eb86ae4bd.png
90960ddf4d14,0,/kaggle/input/competitions/aptos2019-blindness-detection/train_images/90960ddf4d14.png
5b32ece9c627,0,/kaggle/input/competitions/aptos2019-blindness-detection/train_images/5b32ece9c627.png
0eced86c9db8,0,/kaggle/input/competitions/aptos2019-blindness-detection/train_images/0eced86c9db8.png
74898f372d2b,0,/kaggle/input/competitions/aptos2019-blindness-detection/train_images/74898f372d2b.png
43ddd0ab0cc4,2,/kaggle/input/competitions/aptos2019-blindness-detection/train_images/43ddd0ab0cc4.png
d5a39339ff3d,2,/kaggle/input/competitions/aptos2019-blindness-detection/train_images/d5a39339ff3d.png
a01c590c444f,2,/kaggle/input/competitions/aptos2019-blindness-detection/train_images/a01c590c444f.png
f7defe70afc3,0,/kaggle/input/competitions/aptos2019-blindness-detection/train_images/f7defe70afc3.png
db49cdf1ea64,2,/kaggle/input/competitions/aptos2019-blindness-detection/train_images/db49cdf1ea64.png
5ed6dc419e4d,2,/kaggle/input/competitions/aptos2019-blindness-detection/train_images/5ed6dc419e4d.png
1faf8664816c,0,/kaggle/input/competitions/aptos2019-blindness-detection/train_images/1faf8664816c.png
3b232b394e4f,4,/kaggle/input/competitions/aptos2019-blindness-detection/train_images/3b232b394e4f.png
2a8a9e957a6c,1,/kaggle/input/competitions/aptos2019-blindness-detection/train_images/2a8a9e957a6c.png
79cbae28d8b2,0,/kaggle/input/competitions/aptos2019-blindness-detection/train_images/79cbae28d8b2.png
a528be013a04,0,/kaggle/input/competitions/aptos2019-blindness-detection/train_images/a528be013a04.png
06024377d573,2,/kaggle/input/competitions/aptos2019-blindness-detection/train_images/06024377d573.png
70d0392397de,0,/kaggle/input/competitions/aptos2019-blindness-detection/train_images/70d0392397de.png
f8fc411092c7,2,/kaggle/input/competitions/aptos2019-blindness-detection/train_images/f8fc411092c7.png
34723fae6475,2,/kaggle/input/competitions/aptos2019-blindness-detection/train_images/34723fae6475.png
aa6673241154,4,/kaggle/input/competitions/aptos2019-blindness-detection/train_images/aa6673241154.png
0da632ca45e0,0,/kaggle/input/competitions/aptos2019-blindness-detection/train_images/0da632ca45e0.png
709784f7fcc2,2,/kaggle/input/competitions/aptos2019-blindness-detection/train_images/709784f7fcc2.png
f819c65b803c,0,/kaggle/input/competitions/aptos2019-blindness-detection/train_images/f819c65b803c.png
763ad1236efe,0,/kaggle/input/competitions/aptos2019-blindness-detection/train_images/763ad1236efe.png
0c76fd494af6,2,/kaggle/input/competitions/aptos2019-blindness-detection/train_images/0c76fd494af6.png
9e99ae6ee7af,0,/kaggle/input/competitions/aptos2019-blindness-detection/train_images/9e99ae6ee7af.png
3325b1fe55d2,0,/kaggle/input/competitions/aptos2019-blindness-detection/train_images/3325b1fe55d2.png
a0a0cd8af5a6,2,/kaggle/input/competitions/aptos2019-blindness-detection/train_images/a0a0cd8af5a6.png
09eeafa9656a,2,/kaggle/input/competitions/aptos2019-blindness-detection/train_images/09eeafa9656a.png
1ca91751be4d,0,/kaggle/input/competitions/aptos2019-blindness-detection/train_images/1ca91751be4d.png
3b9c1f42c2f2,2,/kaggle/input/competitions/aptos2019-blindness-detection/train_images/3b9c1f42c2f2.png
4beeca5cc859,0,/kaggle/input/competitions/aptos2019-blindness-detection/train_images/4beeca5cc859.png
15c24478ac72,0,/kaggle/input/competitions/aptos2019-blindness-detection/train_images/15c24478ac72.png
64678182d8a8,1,/kaggle/input/competitions/aptos2019-blindness-detection/train_images/64678182d8a8.png
702de9dcde32,4,/kaggle/input/competitions/aptos2019-blindness-detection/train_images/702de9dcde32.png
107aea0d9289,1,/kaggle/input/competitions/aptos2019-blindness-detection/train_images/107aea0d9289.png
dfc7ec7db0e0,0,/kaggle/input/competitions/aptos2019-blindness-detection/train_images/dfc7ec7db0e0.png
295fdc964f6e,2,/kaggle/input/competitions/aptos2019-blindness-detection/train_images/295fdc964f6e.png
ad6b07d5c338,0,/kaggle/input/competitions/aptos2019-blindness-detection/train_images/ad6b07d5c338.png
1e8a1fdee5b9,1,/kaggle/input/competitions/aptos2019-blindness-detection/train_images/1e8a1fdee5b9.png
22098b1fe461,1,/kaggle/input/competitions/aptos2019-blindness-detection/train_images/22098b1fe461.png
6e092b306fe1,2,/kaggle/input/competitions/aptos2019-blindness-detection/train_images/6e092b306fe1.png
5b804948e35f,1,/kaggle/input/competitions/aptos2019-blindness-detection/train_images/5b804948e35f.png
0a3202889f4d,1,/kaggle/input/competitions/aptos2019-blindness-detection/train_images/0a3202889f4d.png
81914ceb4e74,0,/kaggle/input/competitions/aptos2019-blindness-detection/train_images/81914ceb4e74.png
36865bbc64d6,3,/kaggle/input/competitions/aptos2019-blindness-detection/train_images/36865bbc64d6.png
c3cd0200df79,3,/kaggle/input/competitions/aptos2019-blindness-detection/train_images/c3cd0200df79.png
54cab3596214,2,/kaggle/input/competitions/aptos2019-blindness-detection/train_images/54cab3596214.png
09934421c79e,0,/kaggle/input/competitions/aptos2019-blindness-detection/train_images/09934421c79e.png
6630f8675a97,4,/kaggle/input/competitions/aptos2019-blindness-detection/train_images/6630f8675a97.png
54bbe3da103e,2,/kaggle/input/competitions/aptos2019-blindness-detection/train_images/54bbe3da103e.png
b82dfa63a75f,0,/kaggle/input/competitions/aptos2019-blindness-detection/train_images/b82dfa63a75f.png
76f3473df8a6,0,/kaggle/input/competitions/aptos2019-blindness-detection/train_images/76f3473df8a6.png
906d02fb822d,0,/kaggle/input/competitions/aptos2019-blindness-detection/train_images/906d02fb822d.png
1fb455685328,0,/kaggle/input/competitions/aptos2019-blindness-detection/train_images/1fb455685328.png
260a455692b5,0,/kaggle/input/competitions/aptos2019-blindness-detection/train_images/260a455692b5.png
fb61230b99dd,3,/kaggle/input/competitions/aptos2019-blindness-detection/train_images/fb61230b99dd.png
22d843b2bbd1,0,/kaggle/input/competitions/aptos2019-blindness-detection/train_images/22d843b2bbd1.png
6155cf375354,0,/kaggle/input/competitions/aptos2019-blindness-detection/train_images/6155cf375354.png
36e4b704b905,0,/kaggle/input/competitions/aptos2019-blindness-detection/train_images/36e4b704b905.png
2d870833c0c9,2,/kaggle/input/competitions/aptos2019-blindness-detection/train_images/2d870833c0c9.png
2c827005b8f8,0,/kaggle/input/competitions/aptos2019-blindness-detection/train_images/2c827005b8f8.png
c2a58b2cfd0b,0,/kaggle/input/competitions/aptos2019-blindness-detection/train_images/c2a58b2cfd0b.png
65e6f1bd9875,0,/kaggle/input/competitions/aptos2019-blindness-detection/train_images/65e6f1bd9875.png
6d0c0531083f,3,/kaggle/input/competitions/aptos2019-blindness-detection/train_images/6d0c0531083f.png
da1fb35f5df9,1,/kaggle/input/competitions/aptos2019-blindness-detection/train_images/da1fb35f5df9.png
9b57e43b44e7,0,/kaggle/input/competitions/aptos2019-blindness-detection/train_images/9b57e43b44e7.png
3f44d749cd0b,0,/kaggle/input/competitions/aptos2019-blindness-detection/train_images/3f44d749cd0b.png
c7b622ec8104,1,/kaggle/input/competitions/aptos2019-blindness-detection/train_images/c7b622ec8104.png
1f4bf8e28b41,2,/kaggle/input/competitions/aptos2019-blindness-detection/train_images/1f4bf8e28b41.png
64a13949e879,2,/kaggle/input/competitions/aptos2019-blindness-detection/train_images/64a13949e879.png
71c1a3cdbe47,1,/kaggle/input/competitions/aptos2019-blindness-detection/train_images/71c1a3cdbe47.png
d7bc00091cfc,0,/kaggle/input/competitions/aptos2019-blindness-detection/train_images/d7bc00091cfc.png
211518c46162,4,/kaggle/input/competitions/aptos2019-blindness-detection/train_images/211518c46162.png
e3ab63dc9a60,4,/kaggle/input/competitions/aptos2019-blindness-detection/train_images/e3ab63dc9a60.png
0ef4c61dc056,0,/kaggle/input/competitions/aptos2019-blindness-detection/train_images/0ef4c61dc056.png
1e9224ccca95,4,/kaggle/input/competitions/aptos2019-blindness-detection/train_images/1e9224ccca95.png
4e54ccfd49b2,0,/kaggle/input/competitions/aptos2019-blindness-detection/train_images/4e54ccfd49b2.png
6d9effbcde78,0,/kaggle/input/competitions/aptos2019-blindness-detection/train_images/6d9effbcde78.png
c80f79579fed,2,/kaggle/input/competitions/aptos2019-blindness-detection/train_images/c80f79579fed.png
633fe9dbaf39,0,/kaggle/input/competitions/aptos2019-blindness-detection/train_images/633fe9dbaf39.png
0b00f8a77510,0,/kaggle/input/competitions/aptos2019-blindness-detection/train_images/0b00f8a77510.png
999115d9386b,2,/kaggle/input/competitions/aptos2019-blindness-detection/train_images/999115d9386b.png
cbd0870aa933,4,/kaggle/input/competitions/aptos2019-blindness-detection/train_images/cbd0870aa933.png
ae2c3f6312ef,0,/kaggle/input/competitions/aptos2019-blindness-detection/train_images/ae2c3f6312ef.png
e7defafeb957,2,/kaggle/input/competitions/aptos2019-blindness-detection/train_images/e7defafeb957.png
e135d7ba9a0e,0,/kaggle/input/competitions/aptos2019-blindness-detection/train_images/e135d7ba9a0e.png
3aa2b1ce6700,2,/kaggle/input/competitions/aptos2019-blindness-detection/train_images/3aa2b1ce6700.png
1f15ca672675,0,/kaggle/input/competitions/aptos2019-blindness-detection/train_images/1f15ca672675.png
ad3fc5076852,1,/kaggle/input/competitions/aptos2019-blindness-detection/train_images/ad3fc5076852.png
37de05ef12a5,2,/kaggle/input/competitions/aptos2019-blindness-detection/train_images/37de05ef12a5.png
052d9a3fe55a,2,/kaggle/input/competitions/aptos2019-blindness-detection/train_images/052d9a3fe55a.png
b498b84d383f,2,/kaggle/input/competitions/aptos2019-blindness-detection/train_images/b498b84d383f.png
f66c4ee86629,0,/kaggle/input/competitions/aptos2019-blindness-detection/train_images/f66c4ee86629.png
6d6fcf49e515,0,/kaggle/input/competitions/aptos2019-blindness-detection/train_images/6d6fcf49e515.png
b598bc9753c2,0,/kaggle/input/competitions/aptos2019-blindness-detection/train_images/b598bc9753c2.png
996f9bba4ef0,0,/kaggle/input/competitions/aptos2019-blindness-detection/train_images/996f9bba4ef0.png
1f0e223b8055,2,/kaggle/input/competitions/aptos2019-blindness-detection/train_images/1f0e223b8055.png
203275daf46d,2,/kaggle/input/competitions/aptos2019-blindness-detection/train_images/203275daf46d.png
a3802934bad7,2,/kaggle/input/competitions/aptos2019-blindness-detection/train_images/a3802934bad7.png
f1dc26c4bfa3,4,/kaggle/input/competitions/aptos2019-blindness-detection/train_images/f1dc26c4bfa3.png
0d0b8fc9ab5c,0,/kaggle/input/competitions/aptos2019-blindness-detection/train_images/0d0b8fc9ab5c.png
bca2bdc15fc5,2,/kaggle/input/competitions/aptos2019-blindness-detection/train_images/bca2bdc15fc5.png
e3a7671f787b,2,/kaggle/input/competitions/aptos2019-blindness-detection/train_images/e3a7671f787b.png
a8c950a99107,1,/kaggle/input/competitions/aptos2019-blindness-detection/train_images/a8c950a99107.png
1e7ccd4a1c87,0,/kaggle/input/competitions/aptos2019-blindness-detection/train_images/1e7ccd4a1c87.png
2fe06bedb2c4,4,/kaggle/input/competitions/aptos2019-blindness-detection/train_images/2fe06bedb2c4.png
5a2c27b95c7c,2,/kaggle/input/competitions/aptos2019-blindness-detection/train_images/5a2c27b95c7c.png
1006345f70b7,2,/kaggle/input/competitions/aptos2019-blindness-detection/train_images/1006345f70b7.png
c0a117de7d0a,0,/kaggle/input/competitions/aptos2019-blindness-detection/train_images/c0a117de7d0a.png
0fe31196e0e8,0,/kaggle/input/competitions/aptos2019-blindness-detection/train_images/0fe31196e0e8.png
d51b3fe0fa1b,4,/kaggle/input/competitions/aptos2019-blindness-detection/train_images/d51b3fe0fa1b.png
0161338f53cc,2,/kaggle/input/competitions/aptos2019-blindness-detection/train_images/0161338f53cc.png
63c0eafd6aa9,0,/kaggle/input/competitions/aptos2019-blindness-detection/train_images/63c0eafd6aa9.png
4e0656629d02,1,/kaggle/input/competitions/aptos2019-blindness-detection/train_images/4e0656629d02.png
0ce062f26edc,0,/kaggle/input/competitions/aptos2019-blindness-detection/train_images/0ce062f26edc.png
2682e6da9050,0,/kaggle/input/competitions/aptos2019-blindness-detection/train_images/2682e6da9050.png
5b2648ad455e,0,/kaggle/input/competitions/aptos2019-blindness-detection/train_images/5b2648ad455e.png
a66c3165876f,2,/kaggle/input/competitions/aptos2019-blindness-detection/train_images/a66c3165876f.png
4bcee3cbe232,0,/kaggle/input/competitions/aptos2019-blindness-detection/train_images/4bcee3cbe232.png
4d17559ac1e2,0,/kaggle/input/competitions/aptos2019-blindness-detection/train_images/4d17559ac1e2.png
b7aca95b97b9,0,/kaggle/input/competitions/aptos2019-blindness-detection/train_images/b7aca95b97b9.png
384e6c915722,0,/kaggle/input/competitions/aptos2019-blindness-detection/train_images/384e6c915722.png
4dc2211a1c31,4,/kaggle/input/competitions/aptos2019-blindness-detection/train_images/4dc2211a1c31.png
3a6e9730b298,4,/kaggle/input/competitions/aptos2019-blindness-detection/train_images/3a6e9730b298.png
002c21358ce6,0,/kaggle/input/competitions/aptos2019-blindness-detection/train_images/002c21358ce6.png
f71333204618,0,/kaggle/input/competitions/aptos2019-blindness-detection/train_images/f71333204618.png
aafb0c944f14,0,/kaggle/input/competitions/aptos2019-blindness-detection/train_images/aafb0c944f14.png
00cc2b75cddd,0,/kaggle/input/competitions/aptos2019-blindness-detection/train_images/00cc2b75cddd.png
ae57c8630249,0,/kaggle/input/competitions/aptos2019-blindness-detection/train_images/ae57c8630249.png
ee36ca728641,0,/kaggle/input/competitions/aptos2019-blindness-detection/train_images/ee36ca728641.png
bebfbd907cac,0,/kaggle/input/competitions/aptos2019-blindness-detection/train_images/bebfbd907cac.png
a2811f512c1c,0,/kaggle/input/competitions/aptos2019-blindness-detection/train_images/a2811f512c1c.png
24de56d433cd,0,/kaggle/input/competitions/aptos2019-blindness-detection/train_images/24de56d433cd.png
6c3589d7ed8d,0,/kaggle/input/competitions/aptos2019-blindness-detection/train_images/6c3589d7ed8d.png
3461dc601cc2,1,/kaggle/input/competitions/aptos2019-blindness-detection/train_images/3461dc601cc2.png
80b5a9519aec,2,/kaggle/input/competitions/aptos2019-blindness-detection/train_images/80b5a9519aec.png
6a905a7202d2,0,/kaggle/input/competitions/aptos2019-blindness-detection/train_images/6a905a7202d2.png
c76664770c07,3,/kaggle/input/competitions/aptos2019-blindness-detection/train_images/c76664770c07.png
e13412678eff,3,/kaggle/input/competitions/aptos2019-blindness-detection/train_images/e13412678eff.png
cc1eebed9276,2,/kaggle/input/competitions/aptos2019-blindness-detection/train_images/cc1eebed9276.png
d28bd830c171,2,/kaggle/input/competitions/aptos2019-blindness-detection/train_images/d28bd830c171.png
6f460f9968c7,0,/kaggle/input/competitions/aptos2019-blindness-detection/train_images/6f460f9968c7.png
e32a359be36d,3,/kaggle/input/competitions/aptos2019-blindness-detection/train_images/e32a359be36d.png
e1e490773462,2,/kaggle/input/competitions/aptos2019-blindness-detection/train_images/e1e490773462.png
5b1c4cefeb24,0,/kaggle/input/competitions/aptos2019-blindness-detection/train_images/5b1c4cefeb24.png
946545473380,0,/kaggle/input/competitions/aptos2019-blindness-detection/train_images/946545473380.png
2a099b247b10,2,/kaggle/input/competitions/aptos2019-blindness-detection/train_images/2a099b247b10.png
248dec89b3a2,0,/kaggle/input/competitions/aptos2019-blindness-detection/train_images/248dec89b3a2.png
d2c2f02bb313,4,/kaggle/input/competitions/aptos2019-blindness-detection/train_images/d2c2f02bb313.png
4464bb62bf20,0,/kaggle/input/competitions/aptos2019-blindness-detection/train_images/4464bb62bf20.png
23148a40ecb0,2,/kaggle/input/competitions/aptos2019-blindness-detection/train_images/23148a40ecb0.png
88e5051f65bd,0,/kaggle/input/competitions/aptos2019-blindness-detection/train_images/88e5051f65bd.png
8660e1864665,0,/kaggle/input/competitions/aptos2019-blindness-detection/train_images/8660e1864665.png
4ad6109706e8,2,/kaggle/input/competitions/aptos2019-blindness-detection/train_images/4ad6109706e8.png
060e00d1e2ab,0,/kaggle/input/competitions/aptos2019-blindness-detection/train_images/060e00d1e2ab.png
58059e73d2d4,0,/kaggle/input/competitions/aptos2019-blindness-detection/train_images/58059e73d2d4.png
4029d70e9d8a,1,/kaggle/input/competitions/aptos2019-blindness-detection/train_images/4029d70e9d8a.png
d1afdb8cf70d,0,/kaggle/input/competitions/aptos2019-blindness-detection/train_images/d1afdb8cf70d.png
38c7153457e2,0,/kaggle/input/competitions/aptos2019-blindness-detection/train_images/38c7153457e2.png
d56d32a1d62d,0,/kaggle/input/competitions/aptos2019-blindness-detection/train_images/d56d32a1d62d.png
c6e1e9fbf39b,2,/kaggle/input/competitions/aptos2019-blindness-detection/train_images/c6e1e9fbf39b.png
a1872f9c0cba,0,/kaggle/input/competitions/aptos2019-blindness-detection/train_images/a1872f9c0cba.png
51cd8d2057fa,0,/kaggle/input/competitions/aptos2019-blindness-detection/train_images/51cd8d2057fa.png
98f48850ebce,2,/kaggle/input/competitions/aptos2019-blindness-detection/train_images/98f48850ebce.png
523d0c2cb4d6,2,/kaggle/input/competitions/aptos2019-blindness-detection/train_images/523d0c2cb4d6.png
d88806d9ece9,2,/kaggle/input/competitions/aptos2019-blindness-detection/train_images/d88806d9ece9.png
a95858e052d6,1,/kaggle/input/competitions/aptos2019-blindness-detection/train_images/a95858e052d6.png
8bf2d925dc0c,0,/kaggle/input/competitions/aptos2019-blindness-detection/train_images/8bf2d925dc0c.png
be21d8b60e2a,2,/kaggle/input/competitions/aptos2019-blindness-detection/train_images/be21d8b60e2a.png
4aa07d720638,1,/kaggle/input/competitions/aptos2019-blindness-detection/train_images/4aa07d720638.png
7526c59c36d3,0,/kaggle/input/competitions/aptos2019-blindness-detection/train_images/7526c59c36d3.png
dbd062558b81,1,/kaggle/input/competitions/aptos2019-blindness-detection/train_images/dbd062558b81.png
a07efb1ecfc0,0,/kaggle/input/competitions/aptos2019-blindness-detection/train_images/a07efb1ecfc0.png
39134907127a,2,/kaggle/input/competitions/aptos2019-blindness-detection/train_images/39134907127a.png
5de4615a5161,0,/kaggle/input/competitions/aptos2019-blindness-detection/train_images/5de4615a5161.png
25b4080f598b,0,/kaggle/input/competitions/aptos2019-blindness-detection/train_images/25b4080f598b.png
093a42649c29,3,/kaggle/input/competitions/aptos2019-blindness-detection/train_images/093a42649c29.png
48543037d0b3,2,/kaggle/input/competitions/aptos2019-blindness-detection/train_images/48543037d0b3.png
d871895742b1,0,/kaggle/input/competitions/aptos2019-blindness-detection/train_images/d871895742b1.png
683023cda6a5,0,/kaggle/input/competitions/aptos2019-blindness-detection/train_images/683023cda6a5.png
2d7666b8884f,1,/kaggle/input/competitions/aptos2019-blindness-detection/train_images/2d7666b8884f.png
8564b7aa3c1a,0,/kaggle/input/competitions/aptos2019-blindness-detection/train_images/8564b7aa3c1a.png
f47a2a4a0411,1,/kaggle/input/competitions/aptos2019-blindness-detection/train_images/f47a2a4a0411.png
8010c931321f,0,/kaggle/input/competitions/aptos2019-blindness-detection/train_images/8010c931321f.png
ace287a5c991,0,/kaggle/input/competitions/aptos2019-blindness-detection/train_images/ace287a5c991.png
f576e45d1da2,3,/kaggle/input/competitions/aptos2019-blindness-detection/train_images/f576e45d1da2.png
59f3f70abddd,2,/kaggle/input/competitions/aptos2019-blindness-detection/train_images/59f3f70abddd.png
a11bf2edd470,4,/kaggle/input/competitions/aptos2019-blindness-detection/train_images/a11bf2edd470.png
a82a12ad3fb1,0,/kaggle/input/competitions/aptos2019-blindness-detection/train_images/a82a12ad3fb1.png
4478b870e549,2,/kaggle/input/competitions/aptos2019-blindness-detection/train_images/4478b870e549.png
891392c9683c,2,/kaggle/input/competitions/aptos2019-blindness-detection/train_images/891392c9683c.png
393fa5a023a5,0,/kaggle/input/competitions/aptos2019-blindness-detection/train_images/393fa5a023a5.png
ac17cc18a994,0,/kaggle/input/competitions/aptos2019-blindness-detection/train_images/ac17cc18a994.png
e66ad813a508,0,/kaggle/input/competitions/aptos2019-blindness-detection/train_images/e66ad813a508.png
b64e1eef3d63,0,/kaggle/input/competitions/aptos2019-blindness-detection/train_images/b64e1eef3d63.png
571bbdbf585e,0,/kaggle/input/competitions/aptos2019-blindness-detection/train_images/571bbdbf585e.png
ee74c3b177e0,2,/kaggle/input/competitions/aptos2019-blindness-detection/train_images/ee74c3b177e0.png
f3a4751af42e,0,/kaggle/input/competitions/aptos2019-blindness-detection/train_images/f3a4751af42e.png
4dd14c380696,0,/kaggle/input/competitions/aptos2019-blindness-detection/train_images/4dd14c380696.png
5321ab64f9ea,0,/kaggle/input/competitions/aptos2019-blindness-detection/train_images/5321ab64f9ea.png
5ce5eeaf757a,0,/kaggle/input/competitions/aptos2019-blindness-detection/train_images/5ce5eeaf757a.png
3ccf96c1dd6d,4,/kaggle/input/competitions/aptos2019-blindness-detection/train_images/3ccf96c1dd6d.png
af8aa32beee4,2,/kaggle/input/competitions/aptos2019-blindness-detection/train_images/af8aa32beee4.png
200d947f75db,1,/kaggle/input/competitions/aptos2019-blindness-detection/train_images/200d947f75db.png
165c548185f8,0,/kaggle/input/competitions/aptos2019-blindness-detection/train_images/165c548185f8.png
9be71d6d7e59,0,/kaggle/input/competitions/aptos2019-blindness-detection/train_images/9be71d6d7e59.png
a62e995f167c,0,/kaggle/input/competitions/aptos2019-blindness-detection/train_images/a62e995f167c.png
7ef5ff774a48,1,/kaggle/input/competitions/aptos2019-blindness-detection/train_images/7ef5ff774a48.png
bf7047dc683c,2,/kaggle/input/competitions/aptos2019-blindness-detection/train_images/bf7047dc683c.png
be3a7d9e981e,0,/kaggle/input/competitions/aptos2019-blindness-detection/train_images/be3a7d9e981e.png
25002fe43f92,2,/kaggle/input/competitions/aptos2019-blindness-detection/train_images/25002fe43f92.png
91e82fe4e434,0,/kaggle/input/competitions/aptos2019-blindness-detection/train_images/91e82fe4e434.png
624fb7317106,2,/kaggle/input/competitions/aptos2019-blindness-detection/train_images/624fb7317106.png
6061f5b7378d,3,/kaggle/input/competitions/aptos2019-blindness-detection/train_images/6061f5b7378d.png
e0863b353093,2,/kaggle/input/competitions/aptos2019-blindness-detection/train_images/e0863b353093.png
9a326446c431,0,/kaggle/input/competitions/aptos2019-blindness-detection/train_images/9a326446c431.png
8543a801dce0,2,/kaggle/input/competitions/aptos2019-blindness-detection/train_images/8543a801dce0.png
8d9516ea3587,0,/kaggle/input/competitions/aptos2019-blindness-detection/train_images/8d9516ea3587.png
1fd5d860d4d7,4,/kaggle/input/competitions/aptos2019-blindness-detection/train_images/1fd5d860d4d7.png
8a87dd2a784e,0,/kaggle/input/competitions/aptos2019-blindness-detection/train_images/8a87dd2a784e.png
6194e0fff071,4,/kaggle/input/competitions/aptos2019-blindness-detection/train_images/6194e0fff071.png
189cbbc9e5e3,0,/kaggle/input/competitions/aptos2019-blindness-detection/train_images/189cbbc9e5e3.png
4276b82e4489,0,/kaggle/input/competitions/aptos2019-blindness-detection/train_images/4276b82e4489.png
65f69234c8a7,0,/kaggle/input/competitions/aptos2019-blindness-detection/train_images/65f69234c8a7.png
8af50c9d0a86,0,/kaggle/input/competitions/aptos2019-blindness-detection/train_images/8af50c9d0a86.png
0953c0ac1735,2,/kaggle/input/competitions/aptos2019-blindness-detection/train_images/0953c0ac1735.png
ef8c39eb9157,0,/kaggle/input/competitions/aptos2019-blindness-detection/train_images/ef8c39eb9157.png
6987804eb464,2,/kaggle/input/competitions/aptos2019-blindness-detection/train_images/6987804eb464.png
55034b1dbff2,2,/kaggle/input/competitions/aptos2019-blindness-detection/train_images/55034b1dbff2.png
6d259b5b4c76,4,/kaggle/input/competitions/aptos2019-blindness-detection/train_images/6d259b5b4c76.png
55f7f018c61c,0,/kaggle/input/competitions/aptos2019-blindness-detection/train_images/55f7f018c61c.png
fc898dfeb24f,0,/kaggle/input/competitions/aptos2019-blindness-detection/train_images/fc898dfeb24f.png
85cbb84ac8e0,4,/kaggle/input/competitions/aptos2019-blindness-detection/train_images/85cbb84ac8e0.png
4210809074c1,0,/kaggle/input/competitions/aptos2019-blindness-detection/train_images/4210809074c1.png
1c0cf251b426,1,/kaggle/input/competitions/aptos2019-blindness-detection/train_images/1c0cf251b426.png
44e0d56e9d42,2,/kaggle/input/competitions/aptos2019-blindness-detection/train_images/44e0d56e9d42.png
4d1cf360b2d7,2,/kaggle/input/competitions/aptos2019-blindness-detection/train_images/4d1cf360b2d7.png
857230f64a2e,4,/kaggle/input/competitions/aptos2019-blindness-detection/train_images/857230f64a2e.png
25dc1b41ed9c,2,/kaggle/input/competitions/aptos2019-blindness-detection/train_images/25dc1b41ed9c.png
441848e0f308,0,/kaggle/input/competitions/aptos2019-blindness-detection/train_images/441848e0f308.png
870f433e8f37,0,/kaggle/input/competitions/aptos2019-blindness-detection/train_images/870f433e8f37.png
ab78a66dee6a,0,/kaggle/input/competitions/aptos2019-blindness-detection/train_images/ab78a66dee6a.png
3ac92ac3d65a,0,/kaggle/input/competitions/aptos2019-blindness-detection/train_images/3ac92ac3d65a.png
79059d0592c4,2,/kaggle/input/competitions/aptos2019-blindness-detection/train_images/79059d0592c4.png
882a71de424e,2,/kaggle/input/competitions/aptos2019-blindness-detection/train_images/882a71de424e.png
8201cab8322d,3,/kaggle/input/competitions/aptos2019-blindness-detection/train_images/8201cab8322d.png
80c67efc8101,0,/kaggle/input/competitions/aptos2019-blindness-detection/train_images/80c67efc8101.png
929cd3867815,2,/kaggle/input/competitions/aptos2019-blindness-detection/train_images/929cd3867815.png
cd54d022e37d,4,/kaggle/input/competitions/aptos2019-blindness-detection/train_images/cd54d022e37d.png
d990a3f0cbdb,2,/kaggle/input/competitions/aptos2019-blindness-detection/train_images/d990a3f0cbdb.png
8a01daa423f7,1,/kaggle/input/competitions/aptos2019-blindness-detection/train_images/8a01daa423f7.png
cbc2e57447c2,2,/kaggle/input/competitions/aptos2019-blindness-detection/train_images/cbc2e57447c2.png
3c78bfca247b,4,/kaggle/input/competitions/aptos2019-blindness-detection/train_images/3c78bfca247b.png
c6a145742708,4,/kaggle/input/competitions/aptos2019-blindness-detection/train_images/c6a145742708.png
286e9981dd9b,0,/kaggle/input/competitions/aptos2019-blindness-detection/train_images/286e9981dd9b.png
2f7fbdcc9a4b,0,/kaggle/input/competitions/aptos2019-blindness-detection/train_images/2f7fbdcc9a4b.png
d1b279cc02ae,0,/kaggle/input/competitions/aptos2019-blindness-detection/train_images/d1b279cc02ae.png
89ed6a0dd53f,1,/kaggle/input/competitions/aptos2019-blindness-detection/train_images/89ed6a0dd53f.png
4ccee4db09b6,0,/kaggle/input/competitions/aptos2019-blindness-detection/train_images/4ccee4db09b6.png
f55e1d2a19e4,1,/kaggle/input/competitions/aptos2019-blindness-detection/train_images/f55e1d2a19e4.png
312694ea8e6a,4,/kaggle/input/competitions/aptos2019-blindness-detection/train_images/312694ea8e6a.png
51cfeccaf40d,2,/kaggle/input/competitions/aptos2019-blindness-detection/train_images/51cfeccaf40d.png
cd3fd04d72f5,2,/kaggle/input/competitions/aptos2019-blindness-detection/train_images/cd3fd04d72f5.png
e03e70bc8bba,2,/kaggle/input/competitions/aptos2019-blindness-detection/train_images/e03e70bc8bba.png
35ac70c0d08f,0,/kaggle/input/competitions/aptos2019-blindness-detection/train_images/35ac70c0d08f.png
39b5b05d6cd9,2,/kaggle/input/competitions/aptos2019-blindness-detection/train_images/39b5b05d6cd9.png
da949aa67a4f,0,/kaggle/input/competitions/aptos2019-blindness-detection/train_images/da949aa67a4f.png
a790a3b36390,2,/kaggle/input/competitions/aptos2019-blindness-detection/train_images/a790a3b36390.png
fcc32dffd24d,0,/kaggle/input/competitions/aptos2019-blindness-detection/train_images/fcc32dffd24d.png
a673193cd5a9,0,/kaggle/input/competitions/aptos2019-blindness-detection/train_images/a673193cd5a9.png
b759cbef90c5,0,/kaggle/input/competitions/aptos2019-blindness-detection/train_images/b759cbef90c5.png
18cde9649e90,0,/kaggle/input/competitions/aptos2019-blindness-detection/train_images/18cde9649e90.png
0efc93ec838b,2,/kaggle/input/competitions/aptos2019-blindness-detection/train_images/0efc93ec838b.png
15f8d769935c,0,/kaggle/input/competitions/aptos2019-blindness-detection/train_images/15f8d769935c.png
1ee1eb7943db,2,/kaggle/input/competitions/aptos2019-blindness-detection/train_images/1ee1eb7943db.png
89d2a7403a06,2,/kaggle/input/competitions/aptos2019-blindness-detection/train_images/89d2a7403a06.png
d9bbdc33db83,2,/kaggle/input/competitions/aptos2019-blindness-detection/train_images/d9bbdc33db83.png
f0546a45ef10,0,/kaggle/input/competitions/aptos2019-blindness-detection/train_images/f0546a45ef10.png
4c6c5a1bf5ab,0,/kaggle/input/competitions/aptos2019-blindness-detection/train_images/4c6c5a1bf5ab.png
d30d079e6f9a,0,/kaggle/input/competitions/aptos2019-blindness-detection/train_images/d30d079e6f9a.png
73ba798fee25,0,/kaggle/input/competitions/aptos2019-blindness-detection/train_images/73ba798fee25.png
ed6704e3b72e,3,/kaggle/input/competitions/aptos2019-blindness-detection/train_images/ed6704e3b72e.png
e2a47a74e6e1,2,/kaggle/input/competitions/aptos2019-blindness-detection/train_images/e2a47a74e6e1.png
5257cb536da2,0,/kaggle/input/competitions/aptos2019-blindness-detection/train_images/5257cb536da2.png
c3aa424eff9a,0,/kaggle/input/competitions/aptos2019-blindness-detection/train_images/c3aa424eff9a.png
7b29e3783919,3,/kaggle/input/competitions/aptos2019-blindness-detection/train_images/7b29e3783919.png
080f66eedfb9,4,/kaggle/input/competitions/aptos2019-blindness-detection/train_images/080f66eedfb9.png
3f82631e9080,0,/kaggle/input/competitions/aptos2019-blindness-detection/train_images/3f82631e9080.png
b5204c0decc7,0,/kaggle/input/competitions/aptos2019-blindness-detection/train_images/b5204c0decc7.png
b5bf7b84fc66,0,/kaggle/input/competitions/aptos2019-blindness-detection/train_images/b5bf7b84fc66.png
10bf25731c08,0,/kaggle/input/competitions/aptos2019-blindness-detection/train_images/10bf25731c08.png
24b943fe725e,1,/kaggle/input/competitions/aptos2019-blindness-detection/train_images/24b943fe725e.png
e66855a5c583,0,/kaggle/input/competitions/aptos2019-blindness-detection/train_images/e66855a5c583.png
5d74f98d62be,4,/kaggle/input/competitions/aptos2019-blindness-detection/train_images/5d74f98d62be.png
d7bc62d60e8c,0,/kaggle/input/competitions/aptos2019-blindness-detection/train_images/d7bc62d60e8c.png
681c3c115684,2,/kaggle/input/competitions/aptos2019-blindness-detection/train_images/681c3c115684.png
5a179c123fd8,0,/kaggle/input/competitions/aptos2019-blindness-detection/train_images/5a179c123fd8.png
1f63d44d9e3c,2,/kaggle/input/competitions/aptos2019-blindness-detection/train_images/1f63d44d9e3c.png
387138ddf43d,0,/kaggle/input/competitions/aptos2019-blindness-detection/train_images/387138ddf43d.png
1b32e1d775ea,4,/kaggle/input/competitions/aptos2019-blindness-detection/train_images/1b32e1d775ea.png
1c4f3aa4df06,4,/kaggle/input/competitions/aptos2019-blindness-detection/train_images/1c4f3aa4df06.png
0ca0aee4d57e,2,/kaggle/input/competitions/aptos2019-blindness-detection/train_images/0ca0aee4d57e.png
08b6e3240858,0,/kaggle/input/competitions/aptos2019-blindness-detection/train_images/08b6e3240858.png
8846b09384a4,0,/kaggle/input/competitions/aptos2019-blindness-detection/train_images/8846b09384a4.png
d8404680bba6,2,/kaggle/input/competitions/aptos2019-blindness-detection/train_images/d8404680bba6.png
6f4e0538d1e4,2,/kaggle/input/competitions/aptos2019-blindness-detection/train_images/6f4e0538d1e4.png
e4c799738a19,0,/kaggle/input/competitions/aptos2019-blindness-detection/train_images/e4c799738a19.png
382752f6694a,1,/kaggle/input/competitions/aptos2019-blindness-detection/train_images/382752f6694a.png
1ab3f1c71a5f,3,/kaggle/input/competitions/aptos2019-blindness-detection/train_images/1ab3f1c71a5f.png
a14bbd9a583e,3,/kaggle/input/competitions/aptos2019-blindness-detection/train_images/a14bbd9a583e.png
fe06dad6851c,0,/kaggle/input/competitions/aptos2019-blindness-detection/train_images/fe06dad6851c.png
6852f4531591,0,/kaggle/input/competitions/aptos2019-blindness-detection/train_images/6852f4531591.png
80d24897669f,1,/kaggle/input/competitions/aptos2019-blindness-detection/train_images/80d24897669f.png
28751f290ba3,0,/kaggle/input/competitions/aptos2019-blindness-detection/train_images/28751f290ba3.png
1a7e3356b39c,4,/kaggle/input/competitions/aptos2019-blindness-detection/train_images/1a7e3356b39c.png
9858cc2ae073,0,/kaggle/input/competitions/aptos2019-blindness-detection/train_images/9858cc2ae073.png
8bad12d70368,4,/kaggle/input/competitions/aptos2019-blindness-detection/train_images/8bad12d70368.png
e3e490babc0c,2,/kaggle/input/competitions/aptos2019-blindness-detection/train_images/e3e490babc0c.png
3ca8be3b40d6,0,/kaggle/input/competitions/aptos2019-blindness-detection/train_images/3ca8be3b40d6.png
274f5029189b,1,/kaggle/input/competitions/aptos2019-blindness-detection/train_images/274f5029189b.png
523b3f0fc646,1,/kaggle/input/competitions/aptos2019-blindness-detection/train_images/523b3f0fc646.png
19545647508e,0,/kaggle/input/competitions/aptos2019-blindness-detection/train_images/19545647508e.png
61c2fbd16e38,2,/kaggle/input/competitions/aptos2019-blindness-detection/train_images/61c2fbd16e38.png
8dfff47b06b7,2,/kaggle/input/competitions/aptos2019-blindness-detection/train_images/8dfff47b06b7.png
ff4832d55461,0,/kaggle/input/competitions/aptos2019-blindness-detection/train_images/ff4832d55461.png
b9bc81fcb075,0,/kaggle/input/competitions/aptos2019-blindness-detection/train_images/b9bc81fcb075.png
2a3378bcfbcc,2,/kaggle/input/competitions/aptos2019-blindness-detection/train_images/2a3378bcfbcc.png
803120c5d287,2,/kaggle/input/competitions/aptos2019-blindness-detection/train_images/803120c5d287.png
50d8249f7bc9,0,/kaggle/input/competitions/aptos2019-blindness-detection/train_images/50d8249f7bc9.png
fe3f62695b2d,0,/kaggle/input/competitions/aptos2019-blindness-detection/train_images/fe3f62695b2d.png
ec4649213ccf,1,/kaggle/input/competitions/aptos2019-blindness-detection/train_images/ec4649213ccf.png
4489d421e5aa,2,/kaggle/input/competitions/aptos2019-blindness-detection/train_images/4489d421e5aa.png
4c78d9d18da9,2,/kaggle/input/competitions/aptos2019-blindness-detection/train_images/4c78d9d18da9.png
8191ae701985,0,/kaggle/input/competitions/aptos2019-blindness-detection/train_images/8191ae701985.png
2b5bb6d33959,0,/kaggle/input/competitions/aptos2019-blindness-detection/train_images/2b5bb6d33959.png
eeb231c3ef1f,1,/kaggle/input/competitions/aptos2019-blindness-detection/train_images/eeb231c3ef1f.png
0c917c372572,3,/kaggle/input/competitions/aptos2019-blindness-detection/train_images/0c917c372572.png
3b10191dfd25,0,/kaggle/input/competitions/aptos2019-blindness-detection/train_images/3b10191dfd25.png
bf8092e4001d,3,/kaggle/input/competitions/aptos2019-blindness-detection/train_images/bf8092e4001d.png
405b4f78658f,3,/kaggle/input/competitions/aptos2019-blindness-detection/train_images/405b4f78658f.png
4fa26d065ad3,1,/kaggle/input/competitions/aptos2019-blindness-detection/train_images/4fa26d065ad3.png
9fefe2b44795,3,/kaggle/input/competitions/aptos2019-blindness-detection/train_images/9fefe2b44795.png
0151781fe50b,0,/kaggle/input/competitions/aptos2019-blindness-detection/train_images/0151781fe50b.png
e25ccfe38e44,1,/kaggle/input/competitions/aptos2019-blindness-detection/train_images/e25ccfe38e44.png
c6f5b5b5be41,0,/kaggle/input/competitions/aptos2019-blindness-detection/train_images/c6f5b5b5be41.png
5bf6f2958e53,0,/kaggle/input/competitions/aptos2019-blindness-detection/train_images/5bf6f2958e53.png
cbe633765ea7,0,/kaggle/input/competitions/aptos2019-blindness-detection/train_images/cbe633765ea7.png
ef8109305128,1,/kaggle/input/competitions/aptos2019-blindness-detection/train_images/ef8109305128.png
83e529e95b0e,1,/kaggle/input/competitions/aptos2019-blindness-detection/train_images/83e529e95b0e.png
3f6bccf21ce8,0,/kaggle/input/competitions/aptos2019-blindness-detection/train_images/3f6bccf21ce8.png
bdff5d8bddf8,4,/kaggle/input/competitions/aptos2019-blindness-detection/train_images/bdff5d8bddf8.png
c26f98f58350,0,/kaggle/input/competitions/aptos2019-blindness-detection/train_images/c26f98f58350.png
8acdf12f412a,0,/kaggle/input/competitions/aptos2019-blindness-detection/train_images/8acdf12f412a.png
da9574d35b82,0,/kaggle/input/competitions/aptos2019-blindness-detection/train_images/da9574d35b82.png
7e0598cc88a0,4,/kaggle/input/competitions/aptos2019-blindness-detection/train_images/7e0598cc88a0.png
5ad3dabeb2cd,0,/kaggle/input/competitions/aptos2019-blindness-detection/train_images/5ad3dabeb2cd.png
e2265c383348,0,/kaggle/input/competitions/aptos2019-blindness-detection/train_images/e2265c383348.png
b72f59b85f7c,0,/kaggle/input/competitions/aptos2019-blindness-detection/train_images/b72f59b85f7c.png
29f9e1ac9507,0,/kaggle/input/competitions/aptos2019-blindness-detection/train_images/29f9e1ac9507.png
6c6505a0c637,0,/kaggle/input/competitions/aptos2019-blindness-detection/train_images/6c6505a0c637.png
1d2472849dce,0,/kaggle/input/competitions/aptos2019-blindness-detection/train_images/1d2472849dce.png
91e2c2890c9f,2,/kaggle/input/competitions/aptos2019-blindness-detection/train_images/91e2c2890c9f.png
237c078d00fc,3,/kaggle/input/competitions/aptos2019-blindness-detection/train_images/237c078d00fc.png
c568e5245ea5,2,/kaggle/input/competitions/aptos2019-blindness-detection/train_images/c568e5245ea5.png
5ca73d28f17f,0,/kaggle/input/competitions/aptos2019-blindness-detection/train_images/5ca73d28f17f.png
50915e2329a1,0,/kaggle/input/competitions/aptos2019-blindness-detection/train_images/50915e2329a1.png
495255c7492f,1,/kaggle/input/competitions/aptos2019-blindness-detection/train_images/495255c7492f.png
f2c0b41acd05,0,/kaggle/input/competitions/aptos2019-blindness-detection/train_images/f2c0b41acd05.png
aaaadb174012,0,/kaggle/input/competitions/aptos2019-blindness-detection/train_images/aaaadb174012.png
07419eddd6be,2,/kaggle/input/competitions/aptos2019-blindness-detection/train_images/07419eddd6be.png
fb6b8200b7f8,1,/kaggle/input/competitions/aptos2019-blindness-detection/train_images/fb6b8200b7f8.png
612f2df37a1d,4,/kaggle/input/competitions/aptos2019-blindness-detection/train_images/612f2df37a1d.png
290ecdba359f,2,/kaggle/input/competitions/aptos2019-blindness-detection/train_images/290ecdba359f.png
930fee99213a,0,/kaggle/input/competitions/aptos2019-blindness-detection/train_images/930fee99213a.png
93d6d20a5ee3,0,/kaggle/input/competitions/aptos2019-blindness-detection/train_images/93d6d20a5ee3.png
ccd34029493d,2,/kaggle/input/competitions/aptos2019-blindness-detection/train_images/ccd34029493d.png
876e1dd12d38,2,/kaggle/input/competitions/aptos2019-blindness-detection/train_images/876e1dd12d38.png
6fb656d506b2,3,/kaggle/input/competitions/aptos2019-blindness-detection/train_images/6fb656d506b2.png
b05922e7abd3,0,/kaggle/input/competitions/aptos2019-blindness-detection/train_images/b05922e7abd3.png
9ce46d400cd6,0,/kaggle/input/competitions/aptos2019-blindness-detection/train_images/9ce46d400cd6.png
878e356c8fc9,0,/kaggle/input/competitions/aptos2019-blindness-detection/train_images/878e356c8fc9.png
784d6d302f98,0,/kaggle/input/competitions/aptos2019-blindness-detection/train_images/784d6d302f98.png
b6bfe9db60e5,3,/kaggle/input/competitions/aptos2019-blindness-detection/train_images/b6bfe9db60e5.png
55eac26bd383,1,/kaggle/input/competitions/aptos2019-blindness-detection/train_images/55eac26bd383.png
22449af52060,0,/kaggle/input/competitions/aptos2019-blindness-detection/train_images/22449af52060.png
be6cbf6e5b10,0,/kaggle/input/competitions/aptos2019-blindness-detection/train_images/be6cbf6e5b10.png
7b8c78b41c0d,2,/kaggle/input/competitions/aptos2019-blindness-detection/train_images/7b8c78b41c0d.png
94111ed3d276,1,/kaggle/input/competitions/aptos2019-blindness-detection/train_images/94111ed3d276.png
29f44aea93a4,2,/kaggle/input/competitions/aptos2019-blindness-detection/train_images/29f44aea93a4.png
9f1b14dfa14c,0,/kaggle/input/competitions/aptos2019-blindness-detection/train_images/9f1b14dfa14c.png
7eee3d1f1268,0,/kaggle/input/competitions/aptos2019-blindness-detection/train_images/7eee3d1f1268.png
fd48cf452e9d,2,/kaggle/input/competitions/aptos2019-blindness-detection/train_images/fd48cf452e9d.png
34acae864963,0,/kaggle/input/competitions/aptos2019-blindness-detection/train_images/34acae864963.png
0369f3efe69b,1,/kaggle/input/competitions/aptos2019-blindness-detection/train_images/0369f3efe69b.png
bf6cbccacf39,0,/kaggle/input/competitions/aptos2019-blindness-detection/train_images/bf6cbccacf39.png
20c883d3bd38,2,/kaggle/input/competitions/aptos2019-blindness-detection/train_images/20c883d3bd38.png
5ca779ace6e7,0,/kaggle/input/competitions/aptos2019-blindness-detection/train_images/5ca779ace6e7.png
1d0b93317aa8,0,/kaggle/input/competitions/aptos2019-blindness-detection/train_images/1d0b93317aa8.png
abf0f56c6f12,2,/kaggle/input/competitions/aptos2019-blindness-detection/train_images/abf0f56c6f12.png
d6803e467592,0,/kaggle/input/competitions/aptos2019-blindness-detection/train_images/d6803e467592.png
10a5026eb8e6,0,/kaggle/input/competitions/aptos2019-blindness-detection/train_images/10a5026eb8e6.png
3bf3085ac167,0,/kaggle/input/competitions/aptos2019-blindness-detection/train_images/3bf3085ac167.png
958c1fa044ba,0,/kaggle/input/competitions/aptos2019-blindness-detection/train_images/958c1fa044ba.png
ef48780f5d5f,0,/kaggle/input/competitions/aptos2019-blindness-detection/train_images/ef48780f5d5f.png
cd66754e1b3b,0,/kaggle/input/competitions/aptos2019-blindness-detection/train_images/cd66754e1b3b.png
58529a8638d0,2,/kaggle/input/competitions/aptos2019-blindness-detection/train_images/58529a8638d0.png
e933923aab15,0,/kaggle/input/competitions/aptos2019-blindness-detection/train_images/e933923aab15.png
3c1efa38d0da,2,/kaggle/input/competitions/aptos2019-blindness-detection/train_images/3c1efa38d0da.png
0e0fc1d9810c,4,/kaggle/input/competitions/aptos2019-blindness-detection/train_images/0e0fc1d9810c.png
453a1e2754b2,2,/kaggle/input/competitions/aptos2019-blindness-detection/train_images/453a1e2754b2.png
49d69c4c6290,2,/kaggle/input/competitions/aptos2019-blindness-detection/train_images/49d69c4c6290.png
3abac0961bfd,0,/kaggle/input/competitions/aptos2019-blindness-detection/train_images/3abac0961bfd.png
4b237b958555,0,/kaggle/input/competitions/aptos2019-blindness-detection/train_images/4b237b958555.png
94f9ecf4b8d2,0,/kaggle/input/competitions/aptos2019-blindness-detection/train_images/94f9ecf4b8d2.png
85fce24084da,2,/kaggle/input/competitions/aptos2019-blindness-detection/train_images/85fce24084da.png
ab7991df166b,0,/kaggle/input/competitions/aptos2019-blindness-detection/train_images/ab7991df166b.png
5bea250d8bf5,0,/kaggle/input/competitions/aptos2019-blindness-detection/train_images/5bea250d8bf5.png
79be2ff796bf,2,/kaggle/input/competitions/aptos2019-blindness-detection/train_images/79be2ff796bf.png
0125fbd2e791,0,/kaggle/input/competitions/aptos2019-blindness-detection/train_images/0125fbd2e791.png
fa9f1bc03f21,0,/kaggle/input/competitions/aptos2019-blindness-detection/train_images/fa9f1bc03f21.png
46f56c38051f,2,/kaggle/input/competitions/aptos2019-blindness-detection/train_images/46f56c38051f.png
8c2f0f04e1ed,1,/kaggle/input/competitions/aptos2019-blindness-detection/train_images/8c2f0f04e1ed.png
9782c0489eca,1,/kaggle/input/competitions/aptos2019-blindness-detection/train_images/9782c0489eca.png
4c570172778b,3,/kaggle/input/competitions/aptos2019-blindness-detection/train_images/4c570172778b.png
59e5212f7139,1,/kaggle/input/competitions/aptos2019-blindness-detection/train_images/59e5212f7139.png
4dd9d29eae5d,1,/kaggle/input/competitions/aptos2019-blindness-detection/train_images/4dd9d29eae5d.png
53327edb9e4d,0,/kaggle/input/competitions/aptos2019-blindness-detection/train_images/53327edb9e4d.png
cf1b9d26d38d,4,/kaggle/input/competitions/aptos2019-blindness-detection/train_images/cf1b9d26d38d.png
cd01f4f83336,0,/kaggle/input/competitions/aptos2019-blindness-detection/train_images/cd01f4f83336.png
a4d4b69f7404,3,/kaggle/input/competitions/aptos2019-blindness-detection/train_images/a4d4b69f7404.png
b4e15102cd7a,0,/kaggle/input/competitions/aptos2019-blindness-detection/train_images/b4e15102cd7a.png
fca931da5c5e,1,/kaggle/input/competitions/aptos2019-blindness-detection/train_images/fca931da5c5e.png
f48241b0c995,0,/kaggle/input/competitions/aptos2019-blindness-detection/train_images/f48241b0c995.png
a4ee03ecff60,0,/kaggle/input/competitions/aptos2019-blindness-detection/train_images/a4ee03ecff60.png
a11c62cb3f86,0,/kaggle/input/competitions/aptos2019-blindness-detection/train_images/a11c62cb3f86.png
9bafbbd152d2,3,/kaggle/input/competitions/aptos2019-blindness-detection/train_images/9bafbbd152d2.png
82ac8463fadd,1,/kaggle/input/competitions/aptos2019-blindness-detection/train_images/82ac8463fadd.png
7efc91af4ae6,4,/kaggle/input/competitions/aptos2019-blindness-detection/train_images/7efc91af4ae6.png
46acc506fa61,0,/kaggle/input/competitions/aptos2019-blindness-detection/train_images/46acc506fa61.png
974c7d7b9c64,0,/kaggle/input/competitions/aptos2019-blindness-detection/train_images/974c7d7b9c64.png
6b128e648646,3,/kaggle/input/competitions/aptos2019-blindness-detection/train_images/6b128e648646.png
2f9b66784109,2,/kaggle/input/competitions/aptos2019-blindness-detection/train_images/2f9b66784109.png
306c841af3fc,0,/kaggle/input/competitions/aptos2019-blindness-detection/train_images/306c841af3fc.png
34a7dbd3f05c,0,/kaggle/input/competitions/aptos2019-blindness-detection/train_images/34a7dbd3f05c.png
a1edf0e66592,0,/kaggle/input/competitions/aptos2019-blindness-detection/train_images/a1edf0e66592.png
5a93c0f783c4,0,/kaggle/input/competitions/aptos2019-blindness-detection/train_images/5a93c0f783c4.png
6de39b94f634,0,/kaggle/input/competitions/aptos2019-blindness-detection/train_images/6de39b94f634.png
62ab144d5cee,2,/kaggle/input/competitions/aptos2019-blindness-detection/train_images/62ab144d5cee.png
870fbe6eaa68,0,/kaggle/input/competitions/aptos2019-blindness-detection/train_images/870fbe6eaa68.png
de55ed25e0e8,0,/kaggle/input/competitions/aptos2019-blindness-detection/train_images/de55ed25e0e8.png
e6a5e4718873,0,/kaggle/input/competitions/aptos2019-blindness-detection/train_images/e6a5e4718873.png
1601c939412f,0,/kaggle/input/competitions/aptos2019-blindness-detection/train_images/1601c939412f.png
83fda7c0500b,0,/kaggle/input/competitions/aptos2019-blindness-detection/train_images/83fda7c0500b.png
9c72ed6befa0,4,/kaggle/input/competitions/aptos2019-blindness-detection/train_images/9c72ed6befa0.png
24f271c87e73,0,/kaggle/input/competitions/aptos2019-blindness-detection/train_images/24f271c87e73.png
d99b0f7dd9b9,0,/kaggle/input/competitions/aptos2019-blindness-detection/train_images/d99b0f7dd9b9.png
9985375d709f,0,/kaggle/input/competitions/aptos2019-blindness-detection/train_images/9985375d709f.png
cad5b1a82e60,0,/kaggle/input/competitions/aptos2019-blindness-detection/train_images/cad5b1a82e60.png
42a67337fa8e,2,/kaggle/input/competitions/aptos2019-blindness-detection/train_images/42a67337fa8e.png
885fa5fc5da8,0,/kaggle/input/competitions/aptos2019-blindness-detection/train_images/885fa5fc5da8.png
c5a6f432a1ec,0,/kaggle/input/competitions/aptos2019-blindness-detection/train_images/c5a6f432a1ec.png
6e92b1c5ac8e,3,/kaggle/input/competitions/aptos2019-blindness-detection/train_images/6e92b1c5ac8e.png
4f6abc40c72d,0,/kaggle/input/competitions/aptos2019-blindness-detection/train_images/4f6abc40c72d.png
342edf9b889d,0,/kaggle/input/competitions/aptos2019-blindness-detection/train_images/342edf9b889d.png
180afe1d5ef7,2,/kaggle/input/competitions/aptos2019-blindness-detection/train_images/180afe1d5ef7.png
18d8fdb140b7,2,/kaggle/input/competitions/aptos2019-blindness-detection/train_images/18d8fdb140b7.png
1da25637859b,2,/kaggle/input/competitions/aptos2019-blindness-detection/train_images/1da25637859b.png
35d6c4c50072,1,/kaggle/input/competitions/aptos2019-blindness-detection/train_images/35d6c4c50072.png
85f99e7e4052,0,/kaggle/input/competitions/aptos2019-blindness-detection/train_images/85f99e7e4052.png
8ab3faa3701f,0,/kaggle/input/competitions/aptos2019-blindness-detection/train_images/8ab3faa3701f.png
d48178e4a49b,4,/kaggle/input/competitions/aptos2019-blindness-detection/train_images/d48178e4a49b.png
db52626d450c,0,/kaggle/input/competitions/aptos2019-blindness-detection/train_images/db52626d450c.png
c3789c1dab96,0,/kaggle/input/competitions/aptos2019-blindness-detection/train_images/c3789c1dab96.png
7131bf4c9e6f,0,/kaggle/input/competitions/aptos2019-blindness-detection/train_images/7131bf4c9e6f.png
0d744aed4d64,0,/kaggle/input/competitions/aptos2019-blindness-detection/train_images/0d744aed4d64.png
fb1b8771c70a,0,/kaggle/input/competitions/aptos2019-blindness-detection/train_images/fb1b8771c70a.png
75a4343b12f9,0,/kaggle/input/competitions/aptos2019-blindness-detection/train_images/75a4343b12f9.png
5347b4c8e9b3,1,/kaggle/input/competitions/aptos2019-blindness-detection/train_images/5347b4c8e9b3.png
07d8db76b301,2,/kaggle/input/competitions/aptos2019-blindness-detection/train_images/07d8db76b301.png
aa0afc41ed19,2,/kaggle/input/competitions/aptos2019-blindness-detection/train_images/aa0afc41ed19.png
44c869174e3a,2,/kaggle/input/competitions/aptos2019-blindness-detection/train_images/44c869174e3a.png
3fc219927a97,2,/kaggle/input/competitions/aptos2019-blindness-detection/train_images/3fc219927a97.png
9b95d6203406,2,/kaggle/input/competitions/aptos2019-blindness-detection/train_images/9b95d6203406.png
349f3c0ac83e,2,/kaggle/input/competitions/aptos2019-blindness-detection/train_images/349f3c0ac83e.png
99c6a123ed6a,0,/kaggle/input/competitions/aptos2019-blindness-detection/train_images/99c6a123ed6a.png
b71428739d4e,1,/kaggle/input/competitions/aptos2019-blindness-detection/train_images/b71428739d4e.png
80dbeb0fdc75,0,/kaggle/input/competitions/aptos2019-blindness-detection/train_images/80dbeb0fdc75.png
17e6116b89b3,0,/kaggle/input/competitions/aptos2019-blindness-detection/train_images/17e6116b89b3.png
10f10fd30718,0,/kaggle/input/competitions/aptos2019-blindness-detection/train_images/10f10fd30718.png
b77b88926843,0,/kaggle/input/competitions/aptos2019-blindness-detection/train_images/b77b88926843.png
ad1aa75d5630,0,/kaggle/input/competitions/aptos2019-blindness-detection/train_images/ad1aa75d5630.png
de57c9e9fa93,0,/kaggle/input/competitions/aptos2019-blindness-detection/train_images/de57c9e9fa93.png
9eaf735cf01f,1,/kaggle/input/competitions/aptos2019-blindness-detection/train_images/9eaf735cf01f.png
dbb2c63f6f08,3,/kaggle/input/competitions/aptos2019-blindness-detection/train_images/dbb2c63f6f08.png
bd269a1f0e4d,1,/kaggle/input/competitions/aptos2019-blindness-detection/train_images/bd269a1f0e4d.png
4ed31cc07366,2,/kaggle/input/competitions/aptos2019-blindness-detection/train_images/4ed31cc07366.png
06b71823f9cd,1,/kaggle/input/competitions/aptos2019-blindness-detection/train_images/06b71823f9cd.png
bde1063a5dd7,0,/kaggle/input/competitions/aptos2019-blindness-detection/train_images/bde1063a5dd7.png
77baa08a1345,2,/kaggle/input/competitions/aptos2019-blindness-detection/train_images/77baa08a1345.png
49419f8d5cb4,2,/kaggle/input/competitions/aptos2019-blindness-detection/train_images/49419f8d5cb4.png
e96bd80a8a53,1,/kaggle/input/competitions/aptos2019-blindness-detection/train_images/e96bd80a8a53.png
01d9477b1171,0,/kaggle/input/competitions/aptos2019-blindness-detection/train_images/01d9477b1171.png
ec0c9f817b03,0,/kaggle/input/competitions/aptos2019-blindness-detection/train_images/ec0c9f817b03.png
11b5c77fbf79,2,/kaggle/input/competitions/aptos2019-blindness-detection/train_images/11b5c77fbf79.png
883c6a184f16,0,/kaggle/input/competitions/aptos2019-blindness-detection/train_images/883c6a184f16.png
7af4d8704032,0,/kaggle/input/competitions/aptos2019-blindness-detection/train_images/7af4d8704032.png
ec6659926105,0,/kaggle/input/competitions/aptos2019-blindness-detection/train_images/ec6659926105.png
1b398c0494d1,0,/kaggle/input/competitions/aptos2019-blindness-detection/train_images/1b398c0494d1.png
9f37c98b8187,3,/kaggle/input/competitions/aptos2019-blindness-detection/train_images/9f37c98b8187.png
207a580de0ea,2,/kaggle/input/competitions/aptos2019-blindness-detection/train_images/207a580de0ea.png
44e951e45dca,2,/kaggle/input/competitions/aptos2019-blindness-detection/train_images/44e951e45dca.png
a188c60b93fb,0,/kaggle/input/competitions/aptos2019-blindness-detection/train_images/a188c60b93fb.png
6810410187a0,2,/kaggle/input/competitions/aptos2019-blindness-detection/train_images/6810410187a0.png
f762c272c522,1,/kaggle/input/competitions/aptos2019-blindness-detection/train_images/f762c272c522.png
9904939ab83d,2,/kaggle/input/competitions/aptos2019-blindness-detection/train_images/9904939ab83d.png
6d3d1fe6c32a,2,/kaggle/input/competitions/aptos2019-blindness-detection/train_images/6d3d1fe6c32a.png
c73c5f6ef664,2,/kaggle/input/competitions/aptos2019-blindness-detection/train_images/c73c5f6ef664.png
6e018411ba4a,0,/kaggle/input/competitions/aptos2019-blindness-detection/train_images/6e018411ba4a.png
357f02a779d7,0,/kaggle/input/competitions/aptos2019-blindness-detection/train_images/357f02a779d7.png
09c8323c612e,0,/kaggle/input/competitions/aptos2019-blindness-detection/train_images/09c8323c612e.png
d5b4705ac2ee,1,/kaggle/input/competitions/aptos2019-blindness-detection/train_images/d5b4705ac2ee.png
ce207b69ff37,3,/kaggle/input/competitions/aptos2019-blindness-detection/train_images/ce207b69ff37.png
ca0f1a17c8e5,2,/kaggle/input/competitions/aptos2019-blindness-detection/train_images/ca0f1a17c8e5.png
eeaea2c5ff34,0,/kaggle/input/competitions/aptos2019-blindness-detection/train_images/eeaea2c5ff34.png
e868c3da340b,2,/kaggle/input/competitions/aptos2019-blindness-detection/train_images/e868c3da340b.png
f460608cf4cc,2,/kaggle/input/competitions/aptos2019-blindness-detection/train_images/f460608cf4cc.png
00b74780d31d,2,/kaggle/input/competitions/aptos2019-blindness-detection/train_images/00b74780d31d.png
0f882877bf13,3,/kaggle/input/competitions/aptos2019-blindness-detection/train_images/0f882877bf13.png
1dfbede13143,2,/kaggle/input/competitions/aptos2019-blindness-detection/train_images/1dfbede13143.png
e1b8acb1cea1,0,/kaggle/input/competitions/aptos2019-blindness-detection/train_images/e1b8acb1cea1.png
03ff7d159f10,2,/kaggle/input/competitions/aptos2019-blindness-detection/train_images/03ff7d159f10.png
6f3b62e5b7f5,0,/kaggle/input/competitions/aptos2019-blindness-detection/train_images/6f3b62e5b7f5.png
5ead17e894ae,0,/kaggle/input/competitions/aptos2019-blindness-detection/train_images/5ead17e894ae.png
ca63fe4f4b52,1,/kaggle/input/competitions/aptos2019-blindness-detection/train_images/ca63fe4f4b52.png
44f7f3ef9d50,0,/kaggle/input/competitions/aptos2019-blindness-detection/train_images/44f7f3ef9d50.png
3cdda8b3df19,2,/kaggle/input/competitions/aptos2019-blindness-detection/train_images/3cdda8b3df19.png
1cb6961d141c,0,/kaggle/input/competitions/aptos2019-blindness-detection/train_images/1cb6961d141c.png
dd285d9e97fe,0,/kaggle/input/competitions/aptos2019-blindness-detection/train_images/dd285d9e97fe.png
e580676516b0,1,/kaggle/input/competitions/aptos2019-blindness-detection/train_images/e580676516b0.png
f80118bbda18,2,/kaggle/input/competitions/aptos2019-blindness-detection/train_images/f80118bbda18.png
3dbc90c7ee7d,1,/kaggle/input/competitions/aptos2019-blindness-detection/train_images/3dbc90c7ee7d.png
bc23f74e14dd,2,/kaggle/input/competitions/aptos2019-blindness-detection/train_images/bc23f74e14dd.png
d667af5742f6,0,/kaggle/input/competitions/aptos2019-blindness-detection/train_images/d667af5742f6.png
0a902c80d5da,0,/kaggle/input/competitions/aptos2019-blindness-detection/train_images/0a902c80d5da.png
5ac7a414560e,0,/kaggle/input/competitions/aptos2019-blindness-detection/train_images/5ac7a414560e.png
ba4e62c11cc0,0,/kaggle/input/competitions/aptos2019-blindness-detection/train_images/ba4e62c11cc0.png
e50b0174690d,0,/kaggle/input/competitions/aptos2019-blindness-detection/train_images/e50b0174690d.png
b83a6eca125f,2,/kaggle/input/competitions/aptos2019-blindness-detection/train_images/b83a6eca125f.png
cd563556cb57,0,/kaggle/input/competitions/aptos2019-blindness-detection/train_images/cd563556cb57.png
b2b7ccd34cbd,0,/kaggle/input/competitions/aptos2019-blindness-detection/train_images/b2b7ccd34cbd.png
05e9126dfa5c,0,/kaggle/input/competitions/aptos2019-blindness-detection/train_images/05e9126dfa5c.png
1e1fb019710d,2,/kaggle/input/competitions/aptos2019-blindness-detection/train_images/1e1fb019710d.png
7f39c36469b5,0,/kaggle/input/competitions/aptos2019-blindness-detection/train_images/7f39c36469b5.png
2d552318eb07,2,/kaggle/input/competitions/aptos2019-blindness-detection/train_images/2d552318eb07.png
61da799bf0aa,0,/kaggle/input/competitions/aptos2019-blindness-detection/train_images/61da799bf0aa.png
bf1b7e21e774,2,/kaggle/input/competitions/aptos2019-blindness-detection/train_images/bf1b7e21e774.png
582115961a3d,1,/kaggle/input/competitions/aptos2019-blindness-detection/train_images/582115961a3d.png
2408799a09b2,0,/kaggle/input/competitions/aptos2019-blindness-detection/train_images/2408799a09b2.png
eda1d75cbcf0,0,/kaggle/input/competitions/aptos2019-blindness-detection/train_images/eda1d75cbcf0.png
17188c13e635,2,/kaggle/input/competitions/aptos2019-blindness-detection/train_images/17188c13e635.png
ba08cee68c71,4,/kaggle/input/competitions/aptos2019-blindness-detection/train_images/ba08cee68c71.png
8f06ca4642bd,0,/kaggle/input/competitions/aptos2019-blindness-detection/train_images/8f06ca4642bd.png
89b725411cee,2,/kaggle/input/competitions/aptos2019-blindness-detection/train_images/89b725411cee.png
f4de9620e3f2,0,/kaggle/input/competitions/aptos2019-blindness-detection/train_images/f4de9620e3f2.png
0d9a9896f801,0,/kaggle/input/competitions/aptos2019-blindness-detection/train_images/0d9a9896f801.png
51a1d162e223,4,/kaggle/input/competitions/aptos2019-blindness-detection/train_images/51a1d162e223.png
5889a0c75cac,0,/kaggle/input/competitions/aptos2019-blindness-detection/train_images/5889a0c75cac.png
e019b3e0f33d,4,/kaggle/input/competitions/aptos2019-blindness-detection/train_images/e019b3e0f33d.png
ead23cc922ed,1,/kaggle/input/competitions/aptos2019-blindness-detection/train_images/ead23cc922ed.png
d81338217fc5,2,/kaggle/input/competitions/aptos2019-blindness-detection/train_images/d81338217fc5.png
83d6e40c869f,2,/kaggle/input/competitions/aptos2019-blindness-detection/train_images/83d6e40c869f.png
af133a85ea0c,1,/kaggle/input/competitions/aptos2019-blindness-detection/train_images/af133a85ea0c.png
cadde4030858,0,/kaggle/input/competitions/aptos2019-blindness-detection/train_images/cadde4030858.png
b5a3ca5c0a80,0,/kaggle/input/competitions/aptos2019-blindness-detection/train_images/b5a3ca5c0a80.png
39f8935185e6,0,/kaggle/input/competitions/aptos2019-blindness-detection/train_images/39f8935185e6.png
76095c338728,0,/kaggle/input/competitions/aptos2019-blindness-detection/train_images/76095c338728.png
c3d12a23f451,4,/kaggle/input/competitions/aptos2019-blindness-detection/train_images/c3d12a23f451.png
ed2ef440d22c,0,/kaggle/input/competitions/aptos2019-blindness-detection/train_images/ed2ef440d22c.png
e7fc93ac5b6d,2,/kaggle/input/competitions/aptos2019-blindness-detection/train_images/e7fc93ac5b6d.png
0afdfe5f422c,2,/kaggle/input/competitions/aptos2019-blindness-detection/train_images/0afdfe5f422c.png
f0c13be90519,1,/kaggle/input/competitions/aptos2019-blindness-detection/train_images/f0c13be90519.png
51a078d6d43a,0,/kaggle/input/competitions/aptos2019-blindness-detection/train_images/51a078d6d43a.png
58ccba7eec9c,1,/kaggle/input/competitions/aptos2019-blindness-detection/train_images/58ccba7eec9c.png
3796af4d987a,4,/kaggle/input/competitions/aptos2019-blindness-detection/train_images/3796af4d987a.png
cae33655ca00,0,/kaggle/input/competitions/aptos2019-blindness-detection/train_images/cae33655ca00.png
4aa3d771c5e4,0,/kaggle/input/competitions/aptos2019-blindness-detection/train_images/4aa3d771c5e4.png
4dd4a4bf2421,0,/kaggle/input/competitions/aptos2019-blindness-detection/train_images/4dd4a4bf2421.png
3e1f8fecb06f,2,/kaggle/input/competitions/aptos2019-blindness-detection/train_images/3e1f8fecb06f.png
7102f29e052e,2,/kaggle/input/competitions/aptos2019-blindness-detection/train_images/7102f29e052e.png
f3a88d3026dc,2,/kaggle/input/competitions/aptos2019-blindness-detection/train_images/f3a88d3026dc.png
760b6f4c6d82,2,/kaggle/input/competitions/aptos2019-blindness-detection/train_images/760b6f4c6d82.png
222d0ac042b4,2,/kaggle/input/competitions/aptos2019-blindness-detection/train_images/222d0ac042b4.png
d2c6b99ef62c,2,/kaggle/input/competitions/aptos2019-blindness-detection/train_images/d2c6b99ef62c.png
807135cbc438,2,/kaggle/input/competitions/aptos2019-blindness-detection/train_images/807135cbc438.png
f5c953bee7cd,0,/kaggle/input/competitions/aptos2019-blindness-detection/train_images/f5c953bee7cd.png
4294a14c656a,3,/kaggle/input/competitions/aptos2019-blindness-detection/train_images/4294a14c656a.png
77b7b71ebcc3,0,/kaggle/input/competitions/aptos2019-blindness-detection/train_images/77b7b71ebcc3.png
ff1e940105f9,0,/kaggle/input/competitions/aptos2019-blindness-detection/train_images/ff1e940105f9.png
bb2f89488ecd,0,/kaggle/input/competitions/aptos2019-blindness-detection/train_images/bb2f89488ecd.png
e893e86dde94,0,/kaggle/input/competitions/aptos2019-blindness-detection/train_images/e893e86dde94.png
13d411c85ffd,0,/kaggle/input/competitions/aptos2019-blindness-detection/train_images/13d411c85ffd.png
9fab29e69a6b,4,/kaggle/input/competitions/aptos2019-blindness-detection/train_images/9fab29e69a6b.png
bed8296c8dfe,0,/kaggle/input/competitions/aptos2019-blindness-detection/train_images/bed8296c8dfe.png
44271f3cb18f,0,/kaggle/input/competitions/aptos2019-blindness-detection/train_images/44271f3cb18f.png
c80b0f27541a,0,/kaggle/input/competitions/aptos2019-blindness-detection/train_images/c80b0f27541a.png
8c87bd748996,2,/kaggle/input/competitions/aptos2019-blindness-detection/train_images/8c87bd748996.png
c5a9ebef1517,3,/kaggle/input/competitions/aptos2019-blindness-detection/train_images/c5a9ebef1517.png
b99afe7137fb,4,/kaggle/input/competitions/aptos2019-blindness-detection/train_images/b99afe7137fb.png
92fcf50b3562,0,/kaggle/input/competitions/aptos2019-blindness-detection/train_images/92fcf50b3562.png
ab88081e5654,0,/kaggle/input/competitions/aptos2019-blindness-detection/train_images/ab88081e5654.png
81bc03e2ff2b,2,/kaggle/input/competitions/aptos2019-blindness-detection/train_images/81bc03e2ff2b.png
b95d4dd8e5e2,2,/kaggle/input/competitions/aptos2019-blindness-detection/train_images/b95d4dd8e5e2.png
b92eacd1392a,0,/kaggle/input/competitions/aptos2019-blindness-detection/train_images/b92eacd1392a.png
2f143453bb71,0,/kaggle/input/competitions/aptos2019-blindness-detection/train_images/2f143453bb71.png
598b8f5b3822,0,/kaggle/input/competitions/aptos2019-blindness-detection/train_images/598b8f5b3822.png
0d0a21fd354f,2,/kaggle/input/competitions/aptos2019-blindness-detection/train_images/0d0a21fd354f.png
b200c23b299b,0,/kaggle/input/competitions/aptos2019-blindness-detection/train_images/b200c23b299b.png
bb752b179751,0,/kaggle/input/competitions/aptos2019-blindness-detection/train_images/bb752b179751.png
2a93334f663a,0,/kaggle/input/competitions/aptos2019-blindness-detection/train_images/2a93334f663a.png
5ba156a35ff2,0,/kaggle/input/competitions/aptos2019-blindness-detection/train_images/5ba156a35ff2.png
849a91e9ab28,1,/kaggle/input/competitions/aptos2019-blindness-detection/train_images/849a91e9ab28.png
932181b93b2f,2,/kaggle/input/competitions/aptos2019-blindness-detection/train_images/932181b93b2f.png
6cee2e148520,0,/kaggle/input/competitions/aptos2019-blindness-detection/train_images/6cee2e148520.png
d83d0695e215,2,/kaggle/input/competitions/aptos2019-blindness-detection/train_images/d83d0695e215.png
b73d0bcd3d33,0,/kaggle/input/competitions/aptos2019-blindness-detection/train_images/b73d0bcd3d33.png
24b87f744598,3,/kaggle/input/competitions/aptos2019-blindness-detection/train_images/24b87f744598.png
883ddb650967,0,/kaggle/input/competitions/aptos2019-blindness-detection/train_images/883ddb650967.png
35cd9832fc0a,0,/kaggle/input/competitions/aptos2019-blindness-detection/train_images/35cd9832fc0a.png
31cb39681f6a,1,/kaggle/input/competitions/aptos2019-blindness-detection/train_images/31cb39681f6a.png
d66ccb75ada1,1,/kaggle/input/competitions/aptos2019-blindness-detection/train_images/d66ccb75ada1.png
9b093fe95d6b,3,/kaggle/input/competitions/aptos2019-blindness-detection/train_images/9b093fe95d6b.png
10f36b0239fb,1,/kaggle/input/competitions/aptos2019-blindness-detection/train_images/10f36b0239fb.png
78bcdffb8785,1,/kaggle/input/competitions/aptos2019-blindness-detection/train_images/78bcdffb8785.png
ab724603ee93,0,/kaggle/input/competitions/aptos2019-blindness-detection/train_images/ab724603ee93.png
975252e325e3,2,/kaggle/input/competitions/aptos2019-blindness-detection/train_images/975252e325e3.png
c102db7634d8,1,/kaggle/input/competitions/aptos2019-blindness-detection/train_images/c102db7634d8.png
bd9904495ccd,4,/kaggle/input/competitions/aptos2019-blindness-detection/train_images/bd9904495ccd.png
a419fcb2dfb5,0,/kaggle/input/competitions/aptos2019-blindness-detection/train_images/a419fcb2dfb5.png
c4e8b1ec8893,2,/kaggle/input/competitions/aptos2019-blindness-detection/train_images/c4e8b1ec8893.png
2c8101f14723,0,/kaggle/input/competitions/aptos2019-blindness-detection/train_images/2c8101f14723.png
ff03f74667df,0,/kaggle/input/competitions/aptos2019-blindness-detection/train_images/ff03f74667df.png
191a711852bd,3,/kaggle/input/competitions/aptos2019-blindness-detection/train_images/191a711852bd.png
aabd867043cf,0,/kaggle/input/competitions/aptos2019-blindness-detection/train_images/aabd867043cf.png
b82d5f1f1145,2,/kaggle/input/competitions/aptos2019-blindness-detection/train_images/b82d5f1f1145.png
226c6ceb9185,0,/kaggle/input/competitions/aptos2019-blindness-detection/train_images/226c6ceb9185.png
de50dfa745f8,2,/kaggle/input/competitions/aptos2019-blindness-detection/train_images/de50dfa745f8.png
a94da3d3b5c0,0,/kaggle/input/competitions/aptos2019-blindness-detection/train_images/a94da3d3b5c0.png
8e3b79e1f1f7,2,/kaggle/input/competitions/aptos2019-blindness-detection/train_images/8e3b79e1f1f7.png
356304d15a5c,0,/kaggle/input/competitions/aptos2019-blindness-detection/train_images/356304d15a5c.png
e16fc934069f,2,/kaggle/input/competitions/aptos2019-blindness-detection/train_images/e16fc934069f.png
d1fb4efb117c,2,/kaggle/input/competitions/aptos2019-blindness-detection/train_images/d1fb4efb117c.png
4e8585a96739,0,/kaggle/input/competitions/aptos2019-blindness-detection/train_images/4e8585a96739.png
1c5ad36fb799,2,/kaggle/input/competitions/aptos2019-blindness-detection/train_images/1c5ad36fb799.png
5293576816aa,0,/kaggle/input/competitions/aptos2019-blindness-detection/train_images/5293576816aa.png
cb39761f0712,0,/kaggle/input/competitions/aptos2019-blindness-detection/train_images/cb39761f0712.png
20d5fdd450ae,4,/kaggle/input/competitions/aptos2019-blindness-detection/train_images/20d5fdd450ae.png
3b185ac445d0,4,/kaggle/input/competitions/aptos2019-blindness-detection/train_images/3b185ac445d0.png
246e4506824a,2,/kaggle/input/competitions/aptos2019-blindness-detection/train_images/246e4506824a.png
98e44127872f,0,/kaggle/input/competitions/aptos2019-blindness-detection/train_images/98e44127872f.png
0fffa73e2402,2,/kaggle/input/competitions/aptos2019-blindness-detection/train_images/0fffa73e2402.png
7bc2e0fa3f72,2,/kaggle/input/competitions/aptos2019-blindness-detection/train_images/7bc2e0fa3f72.png
92f313287a29,2,/kaggle/input/competitions/aptos2019-blindness-detection/train_images/92f313287a29.png
26fc2358a38d,0,/kaggle/input/competitions/aptos2019-blindness-detection/train_images/26fc2358a38d.png
d8da9de62743,0,/kaggle/input/competitions/aptos2019-blindness-detection/train_images/d8da9de62743.png
eb175669d789,0,/kaggle/input/competitions/aptos2019-blindness-detection/train_images/eb175669d789.png
1b3647865779,0,/kaggle/input/competitions/aptos2019-blindness-detection/train_images/1b3647865779.png
82088c6734e6,0,/kaggle/input/competitions/aptos2019-blindness-detection/train_images/82088c6734e6.png
789434d095d1,4,/kaggle/input/competitions/aptos2019-blindness-detection/train_images/789434d095d1.png
9a28d4e8aef0,2,/kaggle/input/competitions/aptos2019-blindness-detection/train_images/9a28d4e8aef0.png
2b10f138e67d,0,/kaggle/input/competitions/aptos2019-blindness-detection/train_images/2b10f138e67d.png
0318598cfd16,4,/kaggle/input/competitions/aptos2019-blindness-detection/train_images/0318598cfd16.png
457c7c927e27,3,/kaggle/input/competitions/aptos2019-blindness-detection/train_images/457c7c927e27.png
29b52f64d2db,1,/kaggle/input/competitions/aptos2019-blindness-detection/train_images/29b52f64d2db.png
75369248dba0,0,/kaggle/input/competitions/aptos2019-blindness-detection/train_images/75369248dba0.png
4f0866b90c27,3,/kaggle/input/competitions/aptos2019-blindness-detection/train_images/4f0866b90c27.png
547b37da9223,2,/kaggle/input/competitions/aptos2019-blindness-detection/train_images/547b37da9223.png
57a5e4274275,0,/kaggle/input/competitions/aptos2019-blindness-detection/train_images/57a5e4274275.png
18b06f56ab27,1,/kaggle/input/competitions/aptos2019-blindness-detection/train_images/18b06f56ab27.png
e2c39ed0c941,0,/kaggle/input/competitions/aptos2019-blindness-detection/train_images/e2c39ed0c941.png
3128eb593012,2,/kaggle/input/competitions/aptos2019-blindness-detection/train_images/3128eb593012.png
8b26d3cd61e8,2,/kaggle/input/competitions/aptos2019-blindness-detection/train_images/8b26d3cd61e8.png
d473f6fafba0,2,/kaggle/input/competitions/aptos2019-blindness-detection/train_images/d473f6fafba0.png
a3706ce27869,2,/kaggle/input/competitions/aptos2019-blindness-detection/train_images/a3706ce27869.png
237aa50edc34,0,/kaggle/input/competitions/aptos2019-blindness-detection/train_images/237aa50edc34.png
83038ca49b6d,0,/kaggle/input/competitions/aptos2019-blindness-detection/train_images/83038ca49b6d.png
4826d10030b3,0,/kaggle/input/competitions/aptos2019-blindness-detection/train_images/4826d10030b3.png
969f92a390db,0,/kaggle/input/competitions/aptos2019-blindness-detection/train_images/969f92a390db.png
a1b28bcbce00,0,/kaggle/input/competitions/aptos2019-blindness-detection/train_images/a1b28bcbce00.png
d436c06f0490,0,/kaggle/input/competitions/aptos2019-blindness-detection/train_images/d436c06f0490.png
0e43c8298fc0,0,/kaggle/input/competitions/aptos2019-blindness-detection/train_images/0e43c8298fc0.png
300305ce82d2,2,/kaggle/input/competitions/aptos2019-blindness-detection/train_images/300305ce82d2.png
9688c6ef5dc5,0,/kaggle/input/competitions/aptos2019-blindness-detection/train_images/9688c6ef5dc5.png
405085b53d7b,0,/kaggle/input/competitions/aptos2019-blindness-detection/train_images/405085b53d7b.png
6e44f6d04fc9,0,/kaggle/input/competitions/aptos2019-blindness-detection/train_images/6e44f6d04fc9.png
7ddcfcea7369,0,/kaggle/input/competitions/aptos2019-blindness-detection/train_images/7ddcfcea7369.png
ea5c42a78979,0,/kaggle/input/competitions/aptos2019-blindness-detection/train_images/ea5c42a78979.png
d85d052900b4,1,/kaggle/input/competitions/aptos2019-blindness-detection/train_images/d85d052900b4.png
f58cdfa968be,0,/kaggle/input/competitions/aptos2019-blindness-detection/train_images/f58cdfa968be.png
2ba0b0d9bda2,2,/kaggle/input/competitions/aptos2019-blindness-detection/train_images/2ba0b0d9bda2.png
beeca5f14618,0,/kaggle/input/competitions/aptos2019-blindness-detection/train_images/beeca5f14618.png
b3d12069e1c5,2,/kaggle/input/competitions/aptos2019-blindness-detection/train_images/b3d12069e1c5.png
e5d56f4f359b,2,/kaggle/input/competitions/aptos2019-blindness-detection/train_images/e5d56f4f359b.png
45693d027798,0,/kaggle/input/competitions/aptos2019-blindness-detection/train_images/45693d027798.png
956765d5f46d,0,/kaggle/input/competitions/aptos2019-blindness-detection/train_images/956765d5f46d.png
0afbeeef0ff7,0,/kaggle/input/competitions/aptos2019-blindness-detection/train_images/0afbeeef0ff7.png
388f12e8df0b,2,/kaggle/input/competitions/aptos2019-blindness-detection/train_images/388f12e8df0b.png
c85b79d70079,0,/kaggle/input/competitions/aptos2019-blindness-detection/train_images/c85b79d70079.png
d0926ed2c8e5,0,/kaggle/input/competitions/aptos2019-blindness-detection/train_images/d0926ed2c8e5.png
08752092140d,2,/kaggle/input/competitions/aptos2019-blindness-detection/train_images/08752092140d.png
a1822dd8d05d,0,/kaggle/input/competitions/aptos2019-blindness-detection/train_images/a1822dd8d05d.png
3732de8b416f,0,/kaggle/input/competitions/aptos2019-blindness-detection/train_images/3732de8b416f.png
7e77b61e1639,0,/kaggle/input/competitions/aptos2019-blindness-detection/train_images/7e77b61e1639.png
8000a6b97a84,2,/kaggle/input/competitions/aptos2019-blindness-detection/train_images/8000a6b97a84.png
201f6e10c108,0,/kaggle/input/competitions/aptos2019-blindness-detection/train_images/201f6e10c108.png
1411c8ab7161,2,/kaggle/input/competitions/aptos2019-blindness-detection/train_images/1411c8ab7161.png
eae901557a84,2,/kaggle/input/competitions/aptos2019-blindness-detection/train_images/eae901557a84.png
5c85d22bd0de,0,/kaggle/input/competitions/aptos2019-blindness-detection/train_images/5c85d22bd0de.png
2bb3c492d6d3,0,/kaggle/input/competitions/aptos2019-blindness-detection/train_images/2bb3c492d6d3.png
fdc685055659,0,/kaggle/input/competitions/aptos2019-blindness-detection/train_images/fdc685055659.png
026dcd9af143,2,/kaggle/input/competitions/aptos2019-blindness-detection/train_images/026dcd9af143.png
891329021e12,0,/kaggle/input/competitions/aptos2019-blindness-detection/train_images/891329021e12.png
03676c71ed1b,2,/kaggle/input/competitions/aptos2019-blindness-detection/train_images/03676c71ed1b.png
b086c7cd3868,0,/kaggle/input/competitions/aptos2019-blindness-detection/train_images/b086c7cd3868.png
2db0cd3e30da,0,/kaggle/input/competitions/aptos2019-blindness-detection/train_images/2db0cd3e30da.png
33e8e26a75d4,2,/kaggle/input/competitions/aptos2019-blindness-detection/train_images/33e8e26a75d4.png
687759336b0d,3,/kaggle/input/competitions/aptos2019-blindness-detection/train_images/687759336b0d.png
88e4399d207c,0,/kaggle/input/competitions/aptos2019-blindness-detection/train_images/88e4399d207c.png
cb602182cde3,2,/kaggle/input/competitions/aptos2019-blindness-detection/train_images/cb602182cde3.png
f45f1485c940,2,/kaggle/input/competitions/aptos2019-blindness-detection/train_images/f45f1485c940.png
fdd18ccbbdc5,1,/kaggle/input/competitions/aptos2019-blindness-detection/train_images/fdd18ccbbdc5.png
08f8838d69bb,0,/kaggle/input/competitions/aptos2019-blindness-detection/train_images/08f8838d69bb.png
415d5c5e785f,0,/kaggle/input/competitions/aptos2019-blindness-detection/train_images/415d5c5e785f.png
3b0190bbe615,0,/kaggle/input/competitions/aptos2019-blindness-detection/train_images/3b0190bbe615.png
28f73575e1f2,0,/kaggle/input/competitions/aptos2019-blindness-detection/train_images/28f73575e1f2.png
af3b0115aad1,3,/kaggle/input/competitions/aptos2019-blindness-detection/train_images/af3b0115aad1.png
e7b5dd5bab1f,0,/kaggle/input/competitions/aptos2019-blindness-detection/train_images/e7b5dd5bab1f.png
6107a2e9f60e,0,/kaggle/input/competitions/aptos2019-blindness-detection/train_images/6107a2e9f60e.png
4ef0b485a7da,2,/kaggle/input/competitions/aptos2019-blindness-detection/train_images/4ef0b485a7da.png
537e50fdf22e,3,/kaggle/input/competitions/aptos2019-blindness-detection/train_images/537e50fdf22e.png
d7078e8b0349,0,/kaggle/input/competitions/aptos2019-blindness-detection/train_images/d7078e8b0349.png
0fb560f9adb2,2,/kaggle/input/competitions/aptos2019-blindness-detection/train_images/0fb560f9adb2.png
821789e9053f,1,/kaggle/input/competitions/aptos2019-blindness-detection/train_images/821789e9053f.png
c1e6fa1ad314,1,/kaggle/input/competitions/aptos2019-blindness-detection/train_images/c1e6fa1ad314.png
c21eb81de9fc,0,/kaggle/input/competitions/aptos2019-blindness-detection/train_images/c21eb81de9fc.png
f092febbf5c0,3,/kaggle/input/competitions/aptos2019-blindness-detection/train_images/f092febbf5c0.png
38373431d996,0,/kaggle/input/competitions/aptos2019-blindness-detection/train_images/38373431d996.png
f4e68b61f480,0,/kaggle/input/competitions/aptos2019-blindness-detection/train_images/f4e68b61f480.png
9dab2e6ba44b,2,/kaggle/input/competitions/aptos2019-blindness-detection/train_images/9dab2e6ba44b.png
1a1e974a7dbf,0,/kaggle/input/competitions/aptos2019-blindness-detection/train_images/1a1e974a7dbf.png
07a0be6b347f,0,/kaggle/input/competitions/aptos2019-blindness-detection/train_images/07a0be6b347f.png
29192375ab1b,0,/kaggle/input/competitions/aptos2019-blindness-detection/train_images/29192375ab1b.png
500aad15b7c8,0,/kaggle/input/competitions/aptos2019-blindness-detection/train_images/500aad15b7c8.png
5a444c32cd9a,0,/kaggle/input/competitions/aptos2019-blindness-detection/train_images/5a444c32cd9a.png
201f882365d3,0,/kaggle/input/competitions/aptos2019-blindness-detection/train_images/201f882365d3.png
27933cdbe0cc,0,/kaggle/input/competitions/aptos2019-blindness-detection/train_images/27933cdbe0cc.png
2cbfc6182ba2,2,/kaggle/input/competitions/aptos2019-blindness-detection/train_images/2cbfc6182ba2.png
9d62478042b6,0,/kaggle/input/competitions/aptos2019-blindness-detection/train_images/9d62478042b6.png
cbc23af521f3,0,/kaggle/input/competitions/aptos2019-blindness-detection/train_images/cbc23af521f3.png
8db2ce991101,4,/kaggle/input/competitions/aptos2019-blindness-detection/train_images/8db2ce991101.png
6f689fced922,0,/kaggle/input/competitions/aptos2019-blindness-detection/train_images/6f689fced922.png
44878f34e31f,0,/kaggle/input/competitions/aptos2019-blindness-detection/train_images/44878f34e31f.png
f531232ecb55,0,/kaggle/input/competitions/aptos2019-blindness-detection/train_images/f531232ecb55.png
a5a2a7003d60,1,/kaggle/input/competitions/aptos2019-blindness-detection/train_images/a5a2a7003d60.png
461fa5292fda,0,/kaggle/input/competitions/aptos2019-blindness-detection/train_images/461fa5292fda.png
febfb20dc311,0,/kaggle/input/competitions/aptos2019-blindness-detection/train_images/febfb20dc311.png
4f46d7ee61ed,2,/kaggle/input/competitions/aptos2019-blindness-detection/train_images/4f46d7ee61ed.png
5b47043942f4,0,/kaggle/input/competitions/aptos2019-blindness-detection/train_images/5b47043942f4.png
1116271db4ea,1,/kaggle/input/competitions/aptos2019-blindness-detection/train_images/1116271db4ea.png
9033f1493da1,2,/kaggle/input/competitions/aptos2019-blindness-detection/train_images/9033f1493da1.png
f3b27ac2d371,0,/kaggle/input/competitions/aptos2019-blindness-detection/train_images/f3b27ac2d371.png
27bab1432f61,2,/kaggle/input/competitions/aptos2019-blindness-detection/train_images/27bab1432f61.png
5671eb95512b,1,/kaggle/input/competitions/aptos2019-blindness-detection/train_images/5671eb95512b.png
addf66a50f42,0,/kaggle/input/competitions/aptos2019-blindness-detection/train_images/addf66a50f42.png
a44345b27804,0,/kaggle/input/competitions/aptos2019-blindness-detection/train_images/a44345b27804.png
65dda202653d,0,/kaggle/input/competitions/aptos2019-blindness-detection/train_images/65dda202653d.png
09f1111a388a,0,/kaggle/input/competitions/aptos2019-blindness-detection/train_images/09f1111a388a.png
21abd36095a1,4,/kaggle/input/competitions/aptos2019-blindness-detection/train_images/21abd36095a1.png
525d0dd8dc45,0,/kaggle/input/competitions/aptos2019-blindness-detection/train_images/525d0dd8dc45.png
fa573163dd8b,0,/kaggle/input/competitions/aptos2019-blindness-detection/train_images/fa573163dd8b.png
369229040a34,0,/kaggle/input/competitions/aptos2019-blindness-detection/train_images/369229040a34.png
89d9c071a56f,1,/kaggle/input/competitions/aptos2019-blindness-detection/train_images/89d9c071a56f.png
f57cf3b6f48e,0,/kaggle/input/competitions/aptos2019-blindness-detection/train_images/f57cf3b6f48e.png
86722fcd802c,2,/kaggle/input/competitions/aptos2019-blindness-detection/train_images/86722fcd802c.png
248139c423c4,1,/kaggle/input/competitions/aptos2019-blindness-detection/train_images/248139c423c4.png
2af1bf226f51,2,/kaggle/input/competitions/aptos2019-blindness-detection/train_images/2af1bf226f51.png
f4c7ae514c54,0,/kaggle/input/competitions/aptos2019-blindness-detection/train_images/f4c7ae514c54.png
887c26fc0e1f,4,/kaggle/input/competitions/aptos2019-blindness-detection/train_images/887c26fc0e1f.png
4ef7144e24ff,1,/kaggle/input/competitions/aptos2019-blindness-detection/train_images/4ef7144e24ff.png
5f4a8c074bd5,0,/kaggle/input/competitions/aptos2019-blindness-detection/train_images/5f4a8c074bd5.png
197af0de76e2,0,/kaggle/input/competitions/aptos2019-blindness-detection/train_images/197af0de76e2.png
8ead8f37423c,0,/kaggle/input/competitions/aptos2019-blindness-detection/train_images/8ead8f37423c.png
345b1f0abbba,0,/kaggle/input/competitions/aptos2019-blindness-detection/train_images/345b1f0abbba.png
07a3be30563b,2,/kaggle/input/competitions/aptos2019-blindness-detection/train_images/07a3be30563b.png
7b20210d9120,1,/kaggle/input/competitions/aptos2019-blindness-detection/train_images/7b20210d9120.png
c48ae5da188e,2,/kaggle/input/competitions/aptos2019-blindness-detection/train_images/c48ae5da188e.png
e4210e7fe587,3,/kaggle/input/competitions/aptos2019-blindness-detection/train_images/e4210e7fe587.png
7ce671f952be,0,/kaggle/input/competitions/aptos2019-blindness-detection/train_images/7ce671f952be.png
7ec0e61a7e29,0,/kaggle/input/competitions/aptos2019-blindness-detection/train_images/7ec0e61a7e29.png
5265dc9acdf8,2,/kaggle/input/competitions/aptos2019-blindness-detection/train_images/5265dc9acdf8.png
ee059945b08a,2,/kaggle/input/competitions/aptos2019-blindness-detection/train_images/ee059945b08a.png
afc345cc9145,0,/kaggle/input/competitions/aptos2019-blindness-detection/train_images/afc345cc9145.png
8e4a354e3da2,0,/kaggle/input/competitions/aptos2019-blindness-detection/train_images/8e4a354e3da2.png
6e861bc3bd7b,0,/kaggle/input/competitions/aptos2019-blindness-detection/train_images/6e861bc3bd7b.png
10fca1abf338,4,/kaggle/input/competitions/aptos2019-blindness-detection/train_images/10fca1abf338.png
1b8ad0afe9fb,2,/kaggle/input/competitions/aptos2019-blindness-detection/train_images/1b8ad0afe9fb.png
61ac9b0dc6b9,2,/kaggle/input/competitions/aptos2019-blindness-detection/train_images/61ac9b0dc6b9.png
c5bec7f1e5f3,0,/kaggle/input/competitions/aptos2019-blindness-detection/train_images/c5bec7f1e5f3.png
2376e5415458,2,/kaggle/input/competitions/aptos2019-blindness-detection/train_images/2376e5415458.png
441affbe99aa,2,/kaggle/input/competitions/aptos2019-blindness-detection/train_images/441affbe99aa.png
942f544c4e15,0,/kaggle/input/competitions/aptos2019-blindness-detection/train_images/942f544c4e15.png
76e6a9238570,2,/kaggle/input/competitions/aptos2019-blindness-detection/train_images/76e6a9238570.png
84a72e15b23c,1,/kaggle/input/competitions/aptos2019-blindness-detection/train_images/84a72e15b23c.png
ea9c41e1ced0,0,/kaggle/input/competitions/aptos2019-blindness-detection/train_images/ea9c41e1ced0.png
82e5bc01f8a4,0,/kaggle/input/competitions/aptos2019-blindness-detection/train_images/82e5bc01f8a4.png
033f2b43de6d,2,/kaggle/input/competitions/aptos2019-blindness-detection/train_images/033f2b43de6d.png
f02babb3a023,0,/kaggle/input/competitions/aptos2019-blindness-detection/train_images/f02babb3a023.png
b17f0b81dab3,1,/kaggle/input/competitions/aptos2019-blindness-detection/train_images/b17f0b81dab3.png
aebe87a423c8,0,/kaggle/input/competitions/aptos2019-blindness-detection/train_images/aebe87a423c8.png
57a710de68a4,0,/kaggle/input/competitions/aptos2019-blindness-detection/train_images/57a710de68a4.png
8185ce1cdcef,0,/kaggle/input/competitions/aptos2019-blindness-detection/train_images/8185ce1cdcef.png
e68746d426b2,0,/kaggle/input/competitions/aptos2019-blindness-detection/train_images/e68746d426b2.png
a14fcf84bfe1,3,/kaggle/input/competitions/aptos2019-blindness-detection/train_images/a14fcf84bfe1.png
dec5595e6154,0,/kaggle/input/competitions/aptos2019-blindness-detection/train_images/dec5595e6154.png
362c4a96cebb,2,/kaggle/input/competitions/aptos2019-blindness-detection/train_images/362c4a96cebb.png
f7735b6d47f7,0,/kaggle/input/competitions/aptos2019-blindness-detection/train_images/f7735b6d47f7.png
4abca30b676b,4,/kaggle/input/competitions/aptos2019-blindness-detection/train_images/4abca30b676b.png
0551676cc2aa,0,/kaggle/input/competitions/aptos2019-blindness-detection/train_images/0551676cc2aa.png
85cc6d636898,2,/kaggle/input/competitions/aptos2019-blindness-detection/train_images/85cc6d636898.png
2cdcc910778d,0,/kaggle/input/competitions/aptos2019-blindness-detection/train_images/2cdcc910778d.png
d1fa0f744620,0,/kaggle/input/competitions/aptos2019-blindness-detection/train_images/d1fa0f744620.png
aeed1f251ceb,4,/kaggle/input/competitions/aptos2019-blindness-detection/train_images/aeed1f251ceb.png
2f42e20db938,3,/kaggle/input/competitions/aptos2019-blindness-detection/train_images/2f42e20db938.png
a5bb85afc6e8,0,/kaggle/input/competitions/aptos2019-blindness-detection/train_images/a5bb85afc6e8.png
4e82c3c8d31f,1,/kaggle/input/competitions/aptos2019-blindness-detection/train_images/4e82c3c8d31f.png
ed3ce1674761,0,/kaggle/input/competitions/aptos2019-blindness-detection/train_images/ed3ce1674761.png
a06e41bd2634,2,/kaggle/input/competitions/aptos2019-blindness-detection/train_images/a06e41bd2634.png
ea4ce9516144,0,/kaggle/input/competitions/aptos2019-blindness-detection/train_images/ea4ce9516144.png
4e6071b73120,1,/kaggle/input/competitions/aptos2019-blindness-detection/train_images/4e6071b73120.png
2bbd1f99ecc3,3,/kaggle/input/competitions/aptos2019-blindness-detection/train_images/2bbd1f99ecc3.png
c6c2bad91f23,2,/kaggle/input/competitions/aptos2019-blindness-detection/train_images/c6c2bad91f23.png
2399d68d407f,0,/kaggle/input/competitions/aptos2019-blindness-detection/train_images/2399d68d407f.png
1124ffcd76c2,2,/kaggle/input/competitions/aptos2019-blindness-detection/train_images/1124ffcd76c2.png
60aa4e649abf,0,/kaggle/input/competitions/aptos2019-blindness-detection/train_images/60aa4e649abf.png
d16e39b9d6f0,0,/kaggle/input/competitions/aptos2019-blindness-detection/train_images/d16e39b9d6f0.png
5f13e8a07344,3,/kaggle/input/competitions/aptos2019-blindness-detection/train_images/5f13e8a07344.png
9b32e8ef0ca0,2,/kaggle/input/competitions/aptos2019-blindness-detection/train_images/9b32e8ef0ca0.png
1cc58b15f466,0,/kaggle/input/competitions/aptos2019-blindness-detection/train_images/1cc58b15f466.png
ff8a0b45c789,4,/kaggle/input/competitions/aptos2019-blindness-detection/train_images/ff8a0b45c789.png
3f49f8d100e9,3,/kaggle/input/competitions/aptos2019-blindness-detection/train_images/3f49f8d100e9.png
c06024f05a16,0,/kaggle/input/competitions/aptos2019-blindness-detection/train_images/c06024f05a16.png
1438288bb2e1,2,/kaggle/input/competitions/aptos2019-blindness-detection/train_images/1438288bb2e1.png
eda29a9d78f3,0,/kaggle/input/competitions/aptos2019-blindness-detection/train_images/eda29a9d78f3.png
99132193eaa0,1,/kaggle/input/competitions/aptos2019-blindness-detection/train_images/99132193eaa0.png
7fe7309d0b4f,0,/kaggle/input/competitions/aptos2019-blindness-detection/train_images/7fe7309d0b4f.png
7a46cfa69bae,0,/kaggle/input/competitions/aptos2019-blindness-detection/train_images/7a46cfa69bae.png
5288f7441f64,0,/kaggle/input/competitions/aptos2019-blindness-detection/train_images/5288f7441f64.png
9bd008aab548,0,/kaggle/input/competitions/aptos2019-blindness-detection/train_images/9bd008aab548.png
c25e02b39c01,0,/kaggle/input/competitions/aptos2019-blindness-detection/train_images/c25e02b39c01.png
1d46f1326394,0,/kaggle/input/competitions/aptos2019-blindness-detection/train_images/1d46f1326394.png
80feb1f7ca5e,2,/kaggle/input/competitions/aptos2019-blindness-detection/train_images/80feb1f7ca5e.png
54334705a34d,0,/kaggle/input/competitions/aptos2019-blindness-detection/train_images/54334705a34d.png
855f0a5442b6,2,/kaggle/input/competitions/aptos2019-blindness-detection/train_images/855f0a5442b6.png
0cecc2864b7f,0,/kaggle/input/competitions/aptos2019-blindness-detection/train_images/0cecc2864b7f.png
cc9270f06b65,1,/kaggle/input/competitions/aptos2019-blindness-detection/train_images/cc9270f06b65.png
2d558de2cabe,0,/kaggle/input/competitions/aptos2019-blindness-detection/train_images/2d558de2cabe.png
aea59ebec445,3,/kaggle/input/competitions/aptos2019-blindness-detection/train_images/aea59ebec445.png
4c52922f3bfd,2,/kaggle/input/competitions/aptos2019-blindness-detection/train_images/4c52922f3bfd.png
5fcff7280019,0,/kaggle/input/competitions/aptos2019-blindness-detection/train_images/5fcff7280019.png
a3bd2e034614,0,/kaggle/input/competitions/aptos2019-blindness-detection/train_images/a3bd2e034614.png
9ae54843c69a,0,/kaggle/input/competitions/aptos2019-blindness-detection/train_images/9ae54843c69a.png
84b88e8d3bca,0,/kaggle/input/competitions/aptos2019-blindness-detection/train_images/84b88e8d3bca.png
7d8f67cadc29,2,/kaggle/input/competitions/aptos2019-blindness-detection/train_images/7d8f67cadc29.png
eb1d37b71fd1,4,/kaggle/input/competitions/aptos2019-blindness-detection/train_images/eb1d37b71fd1.png
bf7b4eae7ad0,0,/kaggle/input/competitions/aptos2019-blindness-detection/train_images/bf7b4eae7ad0.png
f6d760566a51,0,/kaggle/input/competitions/aptos2019-blindness-detection/train_images/f6d760566a51.png
a0445785e2f7,0,/kaggle/input/competitions/aptos2019-blindness-detection/train_images/a0445785e2f7.png
b5c80d0ed0ff,2,/kaggle/input/competitions/aptos2019-blindness-detection/train_images/b5c80d0ed0ff.png
e30a890600e1,0,/kaggle/input/competitions/aptos2019-blindness-detection/train_images/e30a890600e1.png
f18abfa690ab,2,/kaggle/input/competitions/aptos2019-blindness-detection/train_images/f18abfa690ab.png
384db24ebbd7,0,/kaggle/input/competitions/aptos2019-blindness-detection/train_images/384db24ebbd7.png
c8905b8d5cf1,2,/kaggle/input/competitions/aptos2019-blindness-detection/train_images/c8905b8d5cf1.png
53273d664cd8,0,/kaggle/input/competitions/aptos2019-blindness-detection/train_images/53273d664cd8.png
d3dfd0a2dee6,0,/kaggle/input/competitions/aptos2019-blindness-detection/train_images/d3dfd0a2dee6.png
ababe19ed448,1,/kaggle/input/competitions/aptos2019-blindness-detection/train_images/ababe19ed448.png
c58e5c0c5b33,0,/kaggle/input/competitions/aptos2019-blindness-detection/train_images/c58e5c0c5b33.png
8ab8d9b3ce3f,2,/kaggle/input/competitions/aptos2019-blindness-detection/train_images/8ab8d9b3ce3f.png
ef7eb85b75fc,0,/kaggle/input/competitions/aptos2019-blindness-detection/train_images/ef7eb85b75fc.png
2b88cb6e31cd,2,/kaggle/input/competitions/aptos2019-blindness-detection/train_images/2b88cb6e31cd.png
87b671c6d4c5,0,/kaggle/input/competitions/aptos2019-blindness-detection/train_images/87b671c6d4c5.png
a2dff8dbc9f8,0,/kaggle/input/competitions/aptos2019-blindness-detection/train_images/a2dff8dbc9f8.png
96793edb1003,0,/kaggle/input/competitions/aptos2019-blindness-detection/train_images/96793edb1003.png
c365c598ad4e,0,/kaggle/input/competitions/aptos2019-blindness-detection/train_images/c365c598ad4e.png
0fbbd665431f,0,/kaggle/input/competitions/aptos2019-blindness-detection/train_images/0fbbd665431f.png
9a3109657ac1,1,/kaggle/input/competitions/aptos2019-blindness-detection/train_images/9a3109657ac1.png
677f087cd697,1,/kaggle/input/competitions/aptos2019-blindness-detection/train_images/677f087cd697.png
175dd560810a,2,/kaggle/input/competitions/aptos2019-blindness-detection/train_images/175dd560810a.png
b762c29cf2f3,2,/kaggle/input/competitions/aptos2019-blindness-detection/train_images/b762c29cf2f3.png
93802d1e3c41,0,/kaggle/input/competitions/aptos2019-blindness-detection/train_images/93802d1e3c41.png
03fd50da928d,2,/kaggle/input/competitions/aptos2019-blindness-detection/train_images/03fd50da928d.png
780be525036d,0,/kaggle/input/competitions/aptos2019-blindness-detection/train_images/780be525036d.png
7d3835e4e63a,3,/kaggle/input/competitions/aptos2019-blindness-detection/train_images/7d3835e4e63a.png
e499434242cc,2,/kaggle/input/competitions/aptos2019-blindness-detection/train_images/e499434242cc.png
28a4d00927b7,2,/kaggle/input/competitions/aptos2019-blindness-detection/train_images/28a4d00927b7.png
3486f7096276,0,/kaggle/input/competitions/aptos2019-blindness-detection/train_images/3486f7096276.png
10de500cf0c5,0,/kaggle/input/competitions/aptos2019-blindness-detection/train_images/10de500cf0c5.png
6d4f6c9a8406,0,/kaggle/input/competitions/aptos2019-blindness-detection/train_images/6d4f6c9a8406.png
6cb96a6fb029,0,/kaggle/input/competitions/aptos2019-blindness-detection/train_images/6cb96a6fb029.png
3b5dffe159b6,0,/kaggle/input/competitions/aptos2019-blindness-detection/train_images/3b5dffe159b6.png
c5431b81cbc9,2,/kaggle/input/competitions/aptos2019-blindness-detection/train_images/c5431b81cbc9.png
83df53d58f28,0,/kaggle/input/competitions/aptos2019-blindness-detection/train_images/83df53d58f28.png
599b89048034,2,/kaggle/input/competitions/aptos2019-blindness-detection/train_images/599b89048034.png
6f0463c1ff18,2,/kaggle/input/competitions/aptos2019-blindness-detection/train_images/6f0463c1ff18.png
9a7bd084395e,2,/kaggle/input/competitions/aptos2019-blindness-detection/train_images/9a7bd084395e.png
d99dd99be001,0,/kaggle/input/competitions/aptos2019-blindness-detection/train_images/d99dd99be001.png
22ce8ef69357,2,/kaggle/input/competitions/aptos2019-blindness-detection/train_images/22ce8ef69357.png
7b691d9ced34,0,/kaggle/input/competitions/aptos2019-blindness-detection/train_images/7b691d9ced34.png
374535e0adb8,4,/kaggle/input/competitions/aptos2019-blindness-detection/train_images/374535e0adb8.png
c9c563864ab1,0,/kaggle/input/competitions/aptos2019-blindness-detection/train_images/c9c563864ab1.png
a9c7b83caf81,2,/kaggle/input/competitions/aptos2019-blindness-detection/train_images/a9c7b83caf81.png
73d40ce06a67,0,/kaggle/input/competitions/aptos2019-blindness-detection/train_images/73d40ce06a67.png
cd8da43e3069,0,/kaggle/input/competitions/aptos2019-blindness-detection/train_images/cd8da43e3069.png
9be0683649ff,0,/kaggle/input/competitions/aptos2019-blindness-detection/train_images/9be0683649ff.png
1409ab48175a,0,/kaggle/input/competitions/aptos2019-blindness-detection/train_images/1409ab48175a.png
54b322c66d01,0,/kaggle/input/competitions/aptos2019-blindness-detection/train_images/54b322c66d01.png
269b44e628eb,3,/kaggle/input/competitions/aptos2019-blindness-detection/train_images/269b44e628eb.png
6e092caa065f,0,/kaggle/input/competitions/aptos2019-blindness-detection/train_images/6e092caa065f.png
ec363f48867b,0,/kaggle/input/competitions/aptos2019-blindness-detection/train_images/ec363f48867b.png
b8ac328009e0,2,/kaggle/input/competitions/aptos2019-blindness-detection/train_images/b8ac328009e0.png
8785b71238d8,4,/kaggle/input/competitions/aptos2019-blindness-detection/train_images/8785b71238d8.png
6666c4f18396,2,/kaggle/input/competitions/aptos2019-blindness-detection/train_images/6666c4f18396.png
40140a925c43,2,/kaggle/input/competitions/aptos2019-blindness-detection/train_images/40140a925c43.png
f69835dc7c50,4,/kaggle/input/competitions/aptos2019-blindness-detection/train_images/f69835dc7c50.png
79d44db3da2d,4,/kaggle/input/competitions/aptos2019-blindness-detection/train_images/79d44db3da2d.png
0304bedad8fe,0,/kaggle/input/competitions/aptos2019-blindness-detection/train_images/0304bedad8fe.png
c18a006f7f1d,0,/kaggle/input/competitions/aptos2019-blindness-detection/train_images/c18a006f7f1d.png
b89938407ee6,2,/kaggle/input/competitions/aptos2019-blindness-detection/train_images/b89938407ee6.png
8a9bef2fbd4e,3,/kaggle/input/competitions/aptos2019-blindness-detection/train_images/8a9bef2fbd4e.png
07751b94a88a,0,/kaggle/input/competitions/aptos2019-blindness-detection/train_images/07751b94a88a.png
de16416220de,4,/kaggle/input/competitions/aptos2019-blindness-detection/train_images/de16416220de.png
0fc6829da85b,0,/kaggle/input/competitions/aptos2019-blindness-detection/train_images/0fc6829da85b.png
c6a8f8f998a2,0,/kaggle/input/competitions/aptos2019-blindness-detection/train_images/c6a8f8f998a2.png
141735b57ec0,2,/kaggle/input/competitions/aptos2019-blindness-detection/train_images/141735b57ec0.png
014508ccb9cb,0,/kaggle/input/competitions/aptos2019-blindness-detection/train_images/014508ccb9cb.png
fa0c87bd75ce,0,/kaggle/input/competitions/aptos2019-blindness-detection/train_images/fa0c87bd75ce.png
bfd5c0e55420,2,/kaggle/input/competitions/aptos2019-blindness-detection/train_images/bfd5c0e55420.png
d0b132d2c7ec,4,/kaggle/input/competitions/aptos2019-blindness-detection/train_images/d0b132d2c7ec.png
2fdffb6160a6,2,/kaggle/input/competitions/aptos2019-blindness-detection/train_images/2fdffb6160a6.png
e4f12411fd85,4,/kaggle/input/competitions/aptos2019-blindness-detection/train_images/e4f12411fd85.png
3908b3cfd620,0,/kaggle/input/competitions/aptos2019-blindness-detection/train_images/3908b3cfd620.png
f4df3d86688d,0,/kaggle/input/competitions/aptos2019-blindness-detection/train_images/f4df3d86688d.png
b65ff67743b2,2,/kaggle/input/competitions/aptos2019-blindness-detection/train_images/b65ff67743b2.png
bac1744955c2,0,/kaggle/input/competitions/aptos2019-blindness-detection/train_images/bac1744955c2.png
2cceb07ff706,2,/kaggle/input/competitions/aptos2019-blindness-detection/train_images/2cceb07ff706.png
f6f433f3306f,3,/kaggle/input/competitions/aptos2019-blindness-detection/train_images/f6f433f3306f.png
5e52c9fe676f,2,/kaggle/input/competitions/aptos2019-blindness-detection/train_images/5e52c9fe676f.png
1f31701dd61b,0,/kaggle/input/competitions/aptos2019-blindness-detection/train_images/1f31701dd61b.png
5d024177e214,2,/kaggle/input/competitions/aptos2019-blindness-detection/train_images/5d024177e214.png
bd06028eb7dd,0,/kaggle/input/competitions/aptos2019-blindness-detection/train_images/bd06028eb7dd.png
cd45bfa07d41,1,/kaggle/input/competitions/aptos2019-blindness-detection/train_images/cd45bfa07d41.png
fefded6bf135,0,/kaggle/input/competitions/aptos2019-blindness-detection/train_images/fefded6bf135.png
a664d2055886,2,/kaggle/input/competitions/aptos2019-blindness-detection/train_images/a664d2055886.png
9b4fc15df3c8,0,/kaggle/input/competitions/aptos2019-blindness-detection/train_images/9b4fc15df3c8.png
665ce639a331,1,/kaggle/input/competitions/aptos2019-blindness-detection/train_images/665ce639a331.png
7b87b0015282,0,/kaggle/input/competitions/aptos2019-blindness-detection/train_images/7b87b0015282.png
992599744a23,0,/kaggle/input/competitions/aptos2019-blindness-detection/train_images/992599744a23.png
524f240e0c90,2,/kaggle/input/competitions/aptos2019-blindness-detection/train_images/524f240e0c90.png
a4b8de38eac1,3,/kaggle/input/competitions/aptos2019-blindness-detection/train_images/a4b8de38eac1.png
252305189b3a,0,/kaggle/input/competitions/aptos2019-blindness-detection/train_images/252305189b3a.png
c1896142a20a,4,/kaggle/input/competitions/aptos2019-blindness-detection/train_images/c1896142a20a.png
f7e9fa75c7c1,0,/kaggle/input/competitions/aptos2019-blindness-detection/train_images/f7e9fa75c7c1.png
6daef3e5ca22,4,/kaggle/input/competitions/aptos2019-blindness-detection/train_images/6daef3e5ca22.png
e12df54e0d1e,0,/kaggle/input/competitions/aptos2019-blindness-detection/train_images/e12df54e0d1e.png
3323fd59782e,0,/kaggle/input/competitions/aptos2019-blindness-detection/train_images/3323fd59782e.png
90b8bf342032,3,/kaggle/input/competitions/aptos2019-blindness-detection/train_images/90b8bf342032.png
7aabd768abff,0,/kaggle/input/competitions/aptos2019-blindness-detection/train_images/7aabd768abff.png
ae49cc60f251,0,/kaggle/input/competitions/aptos2019-blindness-detection/train_images/ae49cc60f251.png
37c523296d42,0,/kaggle/input/competitions/aptos2019-blindness-detection/train_images/37c523296d42.png
b842b43cb7fb,0,/kaggle/input/competitions/aptos2019-blindness-detection/train_images/b842b43cb7fb.png
5efa24b03d5e,1,/kaggle/input/competitions/aptos2019-blindness-detection/train_images/5efa24b03d5e.png
a88365134c3c,0,/kaggle/input/competitions/aptos2019-blindness-detection/train_images/a88365134c3c.png
0773a1c326ad,0,/kaggle/input/competitions/aptos2019-blindness-detection/train_images/0773a1c326ad.png
0a38b552372d,0,/kaggle/input/competitions/aptos2019-blindness-detection/train_images/0a38b552372d.png
a4d41c495666,2,/kaggle/input/competitions/aptos2019-blindness-detection/train_images/a4d41c495666.png
1a1b4b2450ca,2,/kaggle/input/competitions/aptos2019-blindness-detection/train_images/1a1b4b2450ca.png
aae8f9f3ef8c,3,/kaggle/input/competitions/aptos2019-blindness-detection/train_images/aae8f9f3ef8c.png
8b8fe3fc8950,0,/kaggle/input/competitions/aptos2019-blindness-detection/train_images/8b8fe3fc8950.png
90a786abe58e,0,/kaggle/input/competitions/aptos2019-blindness-detection/train_images/90a786abe58e.png
2ecbc2e3f239,1,/kaggle/input/competitions/aptos2019-blindness-detection/train_images/2ecbc2e3f239.png
ffec9a18a3ce,2,/kaggle/input/competitions/aptos2019-blindness-detection/train_images/ffec9a18a3ce.png
6f923b60934b,4,/kaggle/input/competitions/aptos2019-blindness-detection/train_images/6f923b60934b.png
9a56cfb980ec,0,/kaggle/input/competitions/aptos2019-blindness-detection/train_images/9a56cfb980ec.png
5f70ad48a525,2,/kaggle/input/competitions/aptos2019-blindness-detection/train_images/5f70ad48a525.png
0d310aba6373,1,/kaggle/input/competitions/aptos2019-blindness-detection/train_images/0d310aba6373.png
436e7a7af761,0,/kaggle/input/competitions/aptos2019-blindness-detection/train_images/436e7a7af761.png
48a45619d1a3,0,/kaggle/input/competitions/aptos2019-blindness-detection/train_images/48a45619d1a3.png
c52bb7343387,2,/kaggle/input/competitions/aptos2019-blindness-detection/train_images/c52bb7343387.png
012a242ac6ff,2,/kaggle/input/competitions/aptos2019-blindness-detection/train_images/012a242ac6ff.png
cae51154e1ce,1,/kaggle/input/competitions/aptos2019-blindness-detection/train_images/cae51154e1ce.png
274f4de2a59d,0,/kaggle/input/competitions/aptos2019-blindness-detection/train_images/274f4de2a59d.png
050bb1eafa76,0,/kaggle/input/competitions/aptos2019-blindness-detection/train_images/050bb1eafa76.png
c0e15e8e2b46,1,/kaggle/input/competitions/aptos2019-blindness-detection/train_images/c0e15e8e2b46.png
03c85870824c,3,/kaggle/input/competitions/aptos2019-blindness-detection/train_images/03c85870824c.png
d6e26fe51dce,1,/kaggle/input/competitions/aptos2019-blindness-detection/train_images/d6e26fe51dce.png
0ada12c0e78f,4,/kaggle/input/competitions/aptos2019-blindness-detection/train_images/0ada12c0e78f.png
cc839823755b,2,/kaggle/input/competitions/aptos2019-blindness-detection/train_images/cc839823755b.png
70d657f8f503,4,/kaggle/input/competitions/aptos2019-blindness-detection/train_images/70d657f8f503.png
c57c164bca05,0,/kaggle/input/competitions/aptos2019-blindness-detection/train_images/c57c164bca05.png
bd375ba756b1,0,/kaggle/input/competitions/aptos2019-blindness-detection/train_images/bd375ba756b1.png
686ed1dbae20,2,/kaggle/input/competitions/aptos2019-blindness-detection/train_images/686ed1dbae20.png
9cf7c1349673,0,/kaggle/input/competitions/aptos2019-blindness-detection/train_images/9cf7c1349673.png
276b14f72328,0,/kaggle/input/competitions/aptos2019-blindness-detection/train_images/276b14f72328.png
03747397839f,2,/kaggle/input/competitions/aptos2019-blindness-detection/train_images/03747397839f.png
dee31065f8fe,0,/kaggle/input/competitions/aptos2019-blindness-detection/train_images/dee31065f8fe.png
2f8d14a7d390,0,/kaggle/input/competitions/aptos2019-blindness-detection/train_images/2f8d14a7d390.png
8958a4d17b7e,3,/kaggle/input/competitions/aptos2019-blindness-detection/train_images/8958a4d17b7e.png
a32b5ce3d48a,4,/kaggle/input/competitions/aptos2019-blindness-detection/train_images/a32b5ce3d48a.png
ceaa5803d780,2,/kaggle/input/competitions/aptos2019-blindness-detection/train_images/ceaa5803d780.png
674057ab250c,2,/kaggle/input/competitions/aptos2019-blindness-detection/train_images/674057ab250c.png
3e61703b5ab2,0,/kaggle/input/competitions/aptos2019-blindness-detection/train_images/3e61703b5ab2.png
d57d1be1bbd1,0,/kaggle/input/competitions/aptos2019-blindness-detection/train_images/d57d1be1bbd1.png
8bc6716c2238,1,/kaggle/input/competitions/aptos2019-blindness-detection/train_images/8bc6716c2238.png
a7c10ca6c117,0,/kaggle/input/competitions/aptos2019-blindness-detection/train_images/a7c10ca6c117.png
905cc86bf100,4,/kaggle/input/competitions/aptos2019-blindness-detection/train_images/905cc86bf100.png
4134b290f5f3,0,/kaggle/input/competitions/aptos2019-blindness-detection/train_images/4134b290f5f3.png
61e301bd3c25,4,/kaggle/input/competitions/aptos2019-blindness-detection/train_images/61e301bd3c25.png
3fa4f4d77177,3,/kaggle/input/competitions/aptos2019-blindness-detection/train_images/3fa4f4d77177.png
529906ff9dfa,0,/kaggle/input/competitions/aptos2019-blindness-detection/train_images/529906ff9dfa.png
d5ad3362424c,0,/kaggle/input/competitions/aptos2019-blindness-detection/train_images/d5ad3362424c.png
3428230bf1bd,2,/kaggle/input/competitions/aptos2019-blindness-detection/train_images/3428230bf1bd.png
5a091e8cd95c,1,/kaggle/input/competitions/aptos2019-blindness-detection/train_images/5a091e8cd95c.png
0cb6b898389f,0,/kaggle/input/competitions/aptos2019-blindness-detection/train_images/0cb6b898389f.png
4246ed634f25,2,/kaggle/input/competitions/aptos2019-blindness-detection/train_images/4246ed634f25.png
a08a0133754a,0,/kaggle/input/competitions/aptos2019-blindness-detection/train_images/a08a0133754a.png
2a4520f1f9a3,0,/kaggle/input/competitions/aptos2019-blindness-detection/train_images/2a4520f1f9a3.png
0cd31078cd08,0,/kaggle/input/competitions/aptos2019-blindness-detection/train_images/0cd31078cd08.png
36b5b3c9fb32,3,/kaggle/input/competitions/aptos2019-blindness-detection/train_images/36b5b3c9fb32.png
13073f075a56,0,/kaggle/input/competitions/aptos2019-blindness-detection/train_images/13073f075a56.png
5b301a6d1ac7,2,/kaggle/input/competitions/aptos2019-blindness-detection/train_images/5b301a6d1ac7.png
7c90ab025331,4,/kaggle/input/competitions/aptos2019-blindness-detection/train_images/7c90ab025331.png
de18071c36e6,0,/kaggle/input/competitions/aptos2019-blindness-detection/train_images/de18071c36e6.png
1ae3c58759fb,0,/kaggle/input/competitions/aptos2019-blindness-detection/train_images/1ae3c58759fb.png
099021fac3c9,0,/kaggle/input/competitions/aptos2019-blindness-detection/train_images/099021fac3c9.png
e811f39a1243,2,/kaggle/input/competitions/aptos2019-blindness-detection/train_images/e811f39a1243.png
ea4dcb055139,2,/kaggle/input/competitions/aptos2019-blindness-detection/train_images/ea4dcb055139.png
042470a92154,3,/kaggle/input/competitions/aptos2019-blindness-detection/train_images/042470a92154.png
b06dabab4f09,2,/kaggle/input/competitions/aptos2019-blindness-detection/train_images/b06dabab4f09.png
d2d523e9f669,0,/kaggle/input/competitions/aptos2019-blindness-detection/train_images/d2d523e9f669.png
6c250a30593b,4,/kaggle/input/competitions/aptos2019-blindness-detection/train_images/6c250a30593b.png
c8fc0df22999,1,/kaggle/input/competitions/aptos2019-blindness-detection/train_images/c8fc0df22999.png
519c6e8f78dc,0,/kaggle/input/competitions/aptos2019-blindness-detection/train_images/519c6e8f78dc.png
44a4d04162cc,0,/kaggle/input/competitions/aptos2019-blindness-detection/train_images/44a4d04162cc.png
6b30767595d8,0,/kaggle/input/competitions/aptos2019-blindness-detection/train_images/6b30767595d8.png
e4b0df29b96f,0,/kaggle/input/competitions/aptos2019-blindness-detection/train_images/e4b0df29b96f.png
fce93caa4758,4,/kaggle/input/competitions/aptos2019-blindness-detection/train_images/fce93caa4758.png
540e4973829e,0,/kaggle/input/competitions/aptos2019-blindness-detection/train_images/540e4973829e.png
2cf18033da31,0,/kaggle/input/competitions/aptos2019-blindness-detection/train_images/2cf18033da31.png
e8e44b3160e3,0,/kaggle/input/competitions/aptos2019-blindness-detection/train_images/e8e44b3160e3.png
f999c6921e6d,2,/kaggle/input/competitions/aptos2019-blindness-detection/train_images/f999c6921e6d.png
9a1029536d78,0,/kaggle/input/competitions/aptos2019-blindness-detection/train_images/9a1029536d78.png
6b3860e8f64f,0,/kaggle/input/competitions/aptos2019-blindness-detection/train_images/6b3860e8f64f.png
a15470303941,2,/kaggle/input/competitions/aptos2019-blindness-detection/train_images/a15470303941.png
0b2ea8f268cf,0,/kaggle/input/competitions/aptos2019-blindness-detection/train_images/0b2ea8f268cf.png
ef5155990874,0,/kaggle/input/competitions/aptos2019-blindness-detection/train_images/ef5155990874.png
6fe4751a3b42,0,/kaggle/input/competitions/aptos2019-blindness-detection/train_images/6fe4751a3b42.png
c8a3eb9a5b52,2,/kaggle/input/competitions/aptos2019-blindness-detection/train_images/c8a3eb9a5b52.png
44855f666225,2,/kaggle/input/competitions/aptos2019-blindness-detection/train_images/44855f666225.png
10f6ef37fe43,0,/kaggle/input/competitions/aptos2019-blindness-detection/train_images/10f6ef37fe43.png
6363b360aefb,2,/kaggle/input/competitions/aptos2019-blindness-detection/train_images/6363b360aefb.png
d0d59ed675b5,1,/kaggle/input/competitions/aptos2019-blindness-detection/train_images/d0d59ed675b5.png
c2f3281cf528,0,/kaggle/input/competitions/aptos2019-blindness-detection/train_images/c2f3281cf528.png
cd48cfab4e44,0,/kaggle/input/competitions/aptos2019-blindness-detection/train_images/cd48cfab4e44.png
9041eb43456e,2,/kaggle/input/competitions/aptos2019-blindness-detection/train_images/9041eb43456e.png
465c618f7b23,2,/kaggle/input/competitions/aptos2019-blindness-detection/train_images/465c618f7b23.png
ad944bd56bb6,0,/kaggle/input/competitions/aptos2019-blindness-detection/train_images/ad944bd56bb6.png
ed648b9bcd95,0,/kaggle/input/competitions/aptos2019-blindness-detection/train_images/ed648b9bcd95.png
f71aca5a7dc3,0,/kaggle/input/competitions/aptos2019-blindness-detection/train_images/f71aca5a7dc3.png
4242c0d87f57,2,/kaggle/input/competitions/aptos2019-blindness-detection/train_images/4242c0d87f57.png
20f86e068276,0,/kaggle/input/competitions/aptos2019-blindness-detection/train_images/20f86e068276.png
8344c783da65,0,/kaggle/input/competitions/aptos2019-blindness-detection/train_images/8344c783da65.png
e1418d28d668,2,/kaggle/input/competitions/aptos2019-blindness-detection/train_images/e1418d28d668.png
43e9c66eb0f3,0,/kaggle/input/competitions/aptos2019-blindness-detection/train_images/43e9c66eb0f3.png
668a319c2d23,0,/kaggle/input/competitions/aptos2019-blindness-detection/train_images/668a319c2d23.png
150f92b45349,0,/kaggle/input/competitions/aptos2019-blindness-detection/train_images/150f92b45349.png
05b1bb2bdb81,0,/kaggle/input/competitions/aptos2019-blindness-detection/train_images/05b1bb2bdb81.png
7f6690fa390a,0,/kaggle/input/competitions/aptos2019-blindness-detection/train_images/7f6690fa390a.png
6110ecb3bb1c,0,/kaggle/input/competitions/aptos2019-blindness-detection/train_images/6110ecb3bb1c.png
bfb578c0e8d8,0,/kaggle/input/competitions/aptos2019-blindness-detection/train_images/bfb578c0e8d8.png
315c1a0d87fd,0,/kaggle/input/competitions/aptos2019-blindness-detection/train_images/315c1a0d87fd.png
a0e635689259,0,/kaggle/input/competitions/aptos2019-blindness-detection/train_images/a0e635689259.png
143db89c11c8,0,/kaggle/input/competitions/aptos2019-blindness-detection/train_images/143db89c11c8.png
3f752fcccec0,4,/kaggle/input/competitions/aptos2019-blindness-detection/train_images/3f752fcccec0.png
63b4d030b016,4,/kaggle/input/competitions/aptos2019-blindness-detection/train_images/63b4d030b016.png
c261b1aaa828,2,/kaggle/input/competitions/aptos2019-blindness-detection/train_images/c261b1aaa828.png
78937523f7a8,0,/kaggle/input/competitions/aptos2019-blindness-detection/train_images/78937523f7a8.png
8650d32f4a9e,0,/kaggle/input/competitions/aptos2019-blindness-detection/train_images/8650d32f4a9e.png
bb9a3d835a94,1,/kaggle/input/competitions/aptos2019-blindness-detection/train_images/bb9a3d835a94.png
bec0acd539b2,3,/kaggle/input/competitions/aptos2019-blindness-detection/train_images/bec0acd539b2.png
e07045d7c5f7,1,/kaggle/input/competitions/aptos2019-blindness-detection/train_images/e07045d7c5f7.png
8a234d68b27e,3,/kaggle/input/competitions/aptos2019-blindness-detection/train_images/8a234d68b27e.png
a384e688e228,0,/kaggle/input/competitions/aptos2019-blindness-detection/train_images/a384e688e228.png
b746a6681ba9,2,/kaggle/input/competitions/aptos2019-blindness-detection/train_images/b746a6681ba9.png
cb2f3c5d71a7,1,/kaggle/input/competitions/aptos2019-blindness-detection/train_images/cb2f3c5d71a7.png
4c129470cec4,1,/kaggle/input/competitions/aptos2019-blindness-detection/train_images/4c129470cec4.png
04efb1a284cc,0,/kaggle/input/competitions/aptos2019-blindness-detection/train_images/04efb1a284cc.png
c0f15fe3b4b7,1,/kaggle/input/competitions/aptos2019-blindness-detection/train_images/c0f15fe3b4b7.png
f1979147aad4,0,/kaggle/input/competitions/aptos2019-blindness-detection/train_images/f1979147aad4.png
dee687c6e88a,2,/kaggle/input/competitions/aptos2019-blindness-detection/train_images/dee687c6e88a.png
a721efb1e049,2,/kaggle/input/competitions/aptos2019-blindness-detection/train_images/a721efb1e049.png
12e3f5f2cb17,1,/kaggle/input/competitions/aptos2019-blindness-detection/train_images/12e3f5f2cb17.png
096436d68d06,0,/kaggle/input/competitions/aptos2019-blindness-detection/train_images/096436d68d06.png
8aa3c4681542,0,/kaggle/input/competitions/aptos2019-blindness-detection/train_images/8aa3c4681542.png
65a7fe9482fe,0,/kaggle/input/competitions/aptos2019-blindness-detection/train_images/65a7fe9482fe.png
cf8ae5501bd6,0,/kaggle/input/competitions/aptos2019-blindness-detection/train_images/cf8ae5501bd6.png
49eb73968c44,0,/kaggle/input/competitions/aptos2019-blindness-detection/train_images/49eb73968c44.png
c334f8688b77,0,/kaggle/input/competitions/aptos2019-blindness-detection/train_images/c334f8688b77.png
43823561c3f0,0,/kaggle/input/competitions/aptos2019-blindness-detection/train_images/43823561c3f0.png
b7983cb3f270,0,/kaggle/input/competitions/aptos2019-blindness-detection/train_images/b7983cb3f270.png
144a1a426137,2,/kaggle/input/competitions/aptos2019-blindness-detection/train_images/144a1a426137.png
6e0f78e188ff,0,/kaggle/input/competitions/aptos2019-blindness-detection/train_images/6e0f78e188ff.png
6c4ec95dd8ba,0,/kaggle/input/competitions/aptos2019-blindness-detection/train_images/6c4ec95dd8ba.png
1df1530b9b8d,0,/kaggle/input/competitions/aptos2019-blindness-detection/train_images/1df1530b9b8d.png
69f43381317b,0,/kaggle/input/competitions/aptos2019-blindness-detection/train_images/69f43381317b.png
28824d12d31d,2,/kaggle/input/competitions/aptos2019-blindness-detection/train_images/28824d12d31d.png
e93394175a19,3,/kaggle/input/competitions/aptos2019-blindness-detection/train_images/e93394175a19.png
934104859e68,0,/kaggle/input/competitions/aptos2019-blindness-detection/train_images/934104859e68.png
a47878630dc2,2,/kaggle/input/competitions/aptos2019-blindness-detection/train_images/a47878630dc2.png
f549294e12e1,4,/kaggle/input/competitions/aptos2019-blindness-detection/train_images/f549294e12e1.png
b3819a805dca,4,/kaggle/input/competitions/aptos2019-blindness-detection/train_images/b3819a805dca.png
ca7140ecf389,1,/kaggle/input/competitions/aptos2019-blindness-detection/train_images/ca7140ecf389.png
40527a5e95dd,2,/kaggle/input/competitions/aptos2019-blindness-detection/train_images/40527a5e95dd.png
49e4b95ee2dc,0,/kaggle/input/competitions/aptos2019-blindness-detection/train_images/49e4b95ee2dc.png
1fddd7c98fd2,0,/kaggle/input/competitions/aptos2019-blindness-detection/train_images/1fddd7c98fd2.png
bcd503c726ba,4,/kaggle/input/competitions/aptos2019-blindness-detection/train_images/bcd503c726ba.png
165cd2070ebd,4,/kaggle/input/competitions/aptos2019-blindness-detection/train_images/165cd2070ebd.png
155e2df6bfcf,0,/kaggle/input/competitions/aptos2019-blindness-detection/train_images/155e2df6bfcf.png
5f51192841f7,0,/kaggle/input/competitions/aptos2019-blindness-detection/train_images/5f51192841f7.png
ca1036496659,1,/kaggle/input/competitions/aptos2019-blindness-detection/train_images/ca1036496659.png
2b3a4a81d748,0,/kaggle/input/competitions/aptos2019-blindness-detection/train_images/2b3a4a81d748.png
2d9d97a6e713,1,/kaggle/input/competitions/aptos2019-blindness-detection/train_images/2d9d97a6e713.png
0cbcc7b23613,0,/kaggle/input/competitions/aptos2019-blindness-detection/train_images/0cbcc7b23613.png
33d72035c27a,0,/kaggle/input/competitions/aptos2019-blindness-detection/train_images/33d72035c27a.png
435414ccccf7,0,/kaggle/input/competitions/aptos2019-blindness-detection/train_images/435414ccccf7.png
e5de79795c1d,0,/kaggle/input/competitions/aptos2019-blindness-detection/train_images/e5de79795c1d.png
ae2e888905ba,0,/kaggle/input/competitions/aptos2019-blindness-detection/train_images/ae2e888905ba.png
587146a55885,1,/kaggle/input/competitions/aptos2019-blindness-detection/train_images/587146a55885.png
650fbed3fdca,2,/kaggle/input/competitions/aptos2019-blindness-detection/train_images/650fbed3fdca.png
80a02014b418,1,/kaggle/input/competitions/aptos2019-blindness-detection/train_images/80a02014b418.png
fc8fce67fbf8,0,/kaggle/input/competitions/aptos2019-blindness-detection/train_images/fc8fce67fbf8.png
0daddc45d832,0,/kaggle/input/competitions/aptos2019-blindness-detection/train_images/0daddc45d832.png
599498e9e4bc,0,/kaggle/input/competitions/aptos2019-blindness-detection/train_images/599498e9e4bc.png
3af9aaa880e9,0,/kaggle/input/competitions/aptos2019-blindness-detection/train_images/3af9aaa880e9.png
86410aa13b3e,0,/kaggle/input/competitions/aptos2019-blindness-detection/train_images/86410aa13b3e.png
9519a590985d,0,/kaggle/input/competitions/aptos2019-blindness-detection/train_images/9519a590985d.png
46d3316c4857,4,/kaggle/input/competitions/aptos2019-blindness-detection/train_images/46d3316c4857.png
757e39293591,0,/kaggle/input/competitions/aptos2019-blindness-detection/train_images/757e39293591.png
02358b47ea89,0,/kaggle/input/competitions/aptos2019-blindness-detection/train_images/02358b47ea89.png
ae94ce412de9,0,/kaggle/input/competitions/aptos2019-blindness-detection/train_images/ae94ce412de9.png
2735be026d44,2,/kaggle/input/competitions/aptos2019-blindness-detection/train_images/2735be026d44.png
daff5427c9b2,0,/kaggle/input/competitions/aptos2019-blindness-detection/train_images/daff5427c9b2.png
eabc7c716255,0,/kaggle/input/competitions/aptos2019-blindness-detection/train_images/eabc7c716255.png
b9b99dad668d,1,/kaggle/input/competitions/aptos2019-blindness-detection/train_images/b9b99dad668d.png
50916d67bb51,0,/kaggle/input/competitions/aptos2019-blindness-detection/train_images/50916d67bb51.png
a04fb36db784,2,/kaggle/input/competitions/aptos2019-blindness-detection/train_images/a04fb36db784.png
810d3779abd9,3,/kaggle/input/competitions/aptos2019-blindness-detection/train_images/810d3779abd9.png
39fd8ef3a45c,0,/kaggle/input/competitions/aptos2019-blindness-detection/train_images/39fd8ef3a45c.png
5173d54fc214,2,/kaggle/input/competitions/aptos2019-blindness-detection/train_images/5173d54fc214.png
e12f9f19d1be,0,/kaggle/input/competitions/aptos2019-blindness-detection/train_images/e12f9f19d1be.png
0e0003ddd8df,0,/kaggle/input/competitions/aptos2019-blindness-detection/train_images/0e0003ddd8df.png
904b03ad5594,0,/kaggle/input/competitions/aptos2019-blindness-detection/train_images/904b03ad5594.png
45ae04cfde5d,2,/kaggle/input/competitions/aptos2019-blindness-detection/train_images/45ae04cfde5d.png
b4f41b5bf0ef,1,/kaggle/input/competitions/aptos2019-blindness-detection/train_images/b4f41b5bf0ef.png
f42b693a9414,0,/kaggle/input/competitions/aptos2019-blindness-detection/train_images/f42b693a9414.png
3c42512c81e0,0,/kaggle/input/competitions/aptos2019-blindness-detection/train_images/3c42512c81e0.png
a9a3225cf4b5,0,/kaggle/input/competitions/aptos2019-blindness-detection/train_images/a9a3225cf4b5.png
2a5a8b744f08,2,/kaggle/input/competitions/aptos2019-blindness-detection/train_images/2a5a8b744f08.png
ab03d50bba2f,0,/kaggle/input/competitions/aptos2019-blindness-detection/train_images/ab03d50bba2f.png
596f4fdb0004,0,/kaggle/input/competitions/aptos2019-blindness-detection/train_images/596f4fdb0004.png
b46b09a45f39,0,/kaggle/input/competitions/aptos2019-blindness-detection/train_images/b46b09a45f39.png
7a9f45fdf29b,0,/kaggle/input/competitions/aptos2019-blindness-detection/train_images/7a9f45fdf29b.png
32ed318235b8,0,/kaggle/input/competitions/aptos2019-blindness-detection/train_images/32ed318235b8.png
4dd71fc7f22b,4,/kaggle/input/competitions/aptos2019-blindness-detection/train_images/4dd71fc7f22b.png
c5e238aa18be,4,/kaggle/input/competitions/aptos2019-blindness-detection/train_images/c5e238aa18be.png
0c55d58bebaf,2,/kaggle/input/competitions/aptos2019-blindness-detection/train_images/0c55d58bebaf.png
27e4c800a449,1,/kaggle/input/competitions/aptos2019-blindness-detection/train_images/27e4c800a449.png
01c7808d901d,2,/kaggle/input/competitions/aptos2019-blindness-detection/train_images/01c7808d901d.png
8dafa62f9322,0,/kaggle/input/competitions/aptos2019-blindness-detection/train_images/8dafa62f9322.png
ef4121e9bb67,0,/kaggle/input/competitions/aptos2019-blindness-detection/train_images/ef4121e9bb67.png
dc0f6e5b489b,0,/kaggle/input/competitions/aptos2019-blindness-detection/train_images/dc0f6e5b489b.png
b0cc9f8d06e4,2,/kaggle/input/competitions/aptos2019-blindness-detection/train_images/b0cc9f8d06e4.png
3f47f83217b5,2,/kaggle/input/competitions/aptos2019-blindness-detection/train_images/3f47f83217b5.png
232549883508,2,/kaggle/input/competitions/aptos2019-blindness-detection/train_images/232549883508.png
4731e708ede3,0,/kaggle/input/competitions/aptos2019-blindness-detection/train_images/4731e708ede3.png
b86fb2d5be1a,0,/kaggle/input/competitions/aptos2019-blindness-detection/train_images/b86fb2d5be1a.png
613bacb35c05,1,/kaggle/input/competitions/aptos2019-blindness-detection/train_images/613bacb35c05.png
c70d09370109,2,/kaggle/input/competitions/aptos2019-blindness-detection/train_images/c70d09370109.png
3132556f5352,0,/kaggle/input/competitions/aptos2019-blindness-detection/train_images/3132556f5352.png
e160a3b19911,0,/kaggle/input/competitions/aptos2019-blindness-detection/train_images/e160a3b19911.png
28f98cfe3858,1,/kaggle/input/competitions/aptos2019-blindness-detection/train_images/28f98cfe3858.png
7d626a7ffe76,4,/kaggle/input/competitions/aptos2019-blindness-detection/train_images/7d626a7ffe76.png
ef26625121b3,4,/kaggle/input/competitions/aptos2019-blindness-detection/train_images/ef26625121b3.png
27e2be850a99,4,/kaggle/input/competitions/aptos2019-blindness-detection/train_images/27e2be850a99.png
a3132c8828e4,0,/kaggle/input/competitions/aptos2019-blindness-detection/train_images/a3132c8828e4.png
898f0bc8acfa,0,/kaggle/input/competitions/aptos2019-blindness-detection/train_images/898f0bc8acfa.png
565f3404f9b2,0,/kaggle/input/competitions/aptos2019-blindness-detection/train_images/565f3404f9b2.png
e79e10907295,0,/kaggle/input/competitions/aptos2019-blindness-detection/train_images/e79e10907295.png
d141728fa392,2,/kaggle/input/competitions/aptos2019-blindness-detection/train_images/d141728fa392.png
5a11d21c2828,2,/kaggle/input/competitions/aptos2019-blindness-detection/train_images/5a11d21c2828.png
69591ebb198d,2,/kaggle/input/competitions/aptos2019-blindness-detection/train_images/69591ebb198d.png
5baed382f062,0,/kaggle/input/competitions/aptos2019-blindness-detection/train_images/5baed382f062.png
bb45257258cc,1,/kaggle/input/competitions/aptos2019-blindness-detection/train_images/bb45257258cc.png
23d7ca170bdb,2,/kaggle/input/competitions/aptos2019-blindness-detection/train_images/23d7ca170bdb.png
2cef97083e6f,2,/kaggle/input/competitions/aptos2019-blindness-detection/train_images/2cef97083e6f.png
47d1603a555b,1,/kaggle/input/competitions/aptos2019-blindness-detection/train_images/47d1603a555b.png
d516f77d4516,0,/kaggle/input/competitions/aptos2019-blindness-detection/train_images/d516f77d4516.png
f8372e80f731,2,/kaggle/input/competitions/aptos2019-blindness-detection/train_images/f8372e80f731.png
ff344e5c9341,2,/kaggle/input/competitions/aptos2019-blindness-detection/train_images/ff344e5c9341.png
78b3f819dcc5,4,/kaggle/input/competitions/aptos2019-blindness-detection/train_images/78b3f819dcc5.png
cbf0394039f8,2,/kaggle/input/competitions/aptos2019-blindness-detection/train_images/cbf0394039f8.png
f0098e9d4aee,4,/kaggle/input/competitions/aptos2019-blindness-detection/train_images/f0098e9d4aee.png
89ee1fa16f90,2,/kaggle/input/competitions/aptos2019-blindness-detection/train_images/89ee1fa16f90.png
8c29a76fa08c,0,/kaggle/input/competitions/aptos2019-blindness-detection/train_images/8c29a76fa08c.png
1df0a4c23c95,0,/kaggle/input/competitions/aptos2019-blindness-detection/train_images/1df0a4c23c95.png
db690e2d02f8,1,/kaggle/input/competitions/aptos2019-blindness-detection/train_images/db690e2d02f8.png
e1900014dabf,3,/kaggle/input/competitions/aptos2019-blindness-detection/train_images/e1900014dabf.png
527bea76116c,2,/kaggle/input/competitions/aptos2019-blindness-detection/train_images/527bea76116c.png
4c53cc97ea13,0,/kaggle/input/competitions/aptos2019-blindness-detection/train_images/4c53cc97ea13.png
697538183db5,3,/kaggle/input/competitions/aptos2019-blindness-detection/train_images/697538183db5.png
acf976efd7ce,0,/kaggle/input/competitions/aptos2019-blindness-detection/train_images/acf976efd7ce.png
48fda42bd5d4,2,/kaggle/input/competitions/aptos2019-blindness-detection/train_images/48fda42bd5d4.png
6e73acb2cf60,4,/kaggle/input/competitions/aptos2019-blindness-detection/train_images/6e73acb2cf60.png
e42d9a94a66d,0,/kaggle/input/competitions/aptos2019-blindness-detection/train_images/e42d9a94a66d.png
eadfc8809ec8,2,/kaggle/input/competitions/aptos2019-blindness-detection/train_images/eadfc8809ec8.png
46923eea9a4e,2,/kaggle/input/competitions/aptos2019-blindness-detection/train_images/46923eea9a4e.png
8bed09514c3b,4,/kaggle/input/competitions/aptos2019-blindness-detection/train_images/8bed09514c3b.png
9d75de31f1b8,0,/kaggle/input/competitions/aptos2019-blindness-detection/train_images/9d75de31f1b8.png
b576c5269ad1,1,/kaggle/input/competitions/aptos2019-blindness-detection/train_images/b576c5269ad1.png
b7f0bc7d399e,0,/kaggle/input/competitions/aptos2019-blindness-detection/train_images/b7f0bc7d399e.png
38e111cac46f,2,/kaggle/input/competitions/aptos2019-blindness-detection/train_images/38e111cac46f.png
a443c4fd489c,1,/kaggle/input/competitions/aptos2019-blindness-detection/train_images/a443c4fd489c.png
58a9e0d7f7af,0,/kaggle/input/competitions/aptos2019-blindness-detection/train_images/58a9e0d7f7af.png
14c3b41d289c,0,/kaggle/input/competitions/aptos2019-blindness-detection/train_images/14c3b41d289c.png
9d9bfefa809c,2,/kaggle/input/competitions/aptos2019-blindness-detection/train_images/9d9bfefa809c.png
6cd606dc52e9,4,/kaggle/input/competitions/aptos2019-blindness-detection/train_images/6cd606dc52e9.png
3c311c9109b0,2,/kaggle/input/competitions/aptos2019-blindness-detection/train_images/3c311c9109b0.png
45369821d6a3,0,/kaggle/input/competitions/aptos2019-blindness-detection/train_images/45369821d6a3.png
87774aafe068,4,/kaggle/input/competitions/aptos2019-blindness-detection/train_images/87774aafe068.png
a45d77edf8d9,2,/kaggle/input/competitions/aptos2019-blindness-detection/train_images/a45d77edf8d9.png
d51e5d7484ea,0,/kaggle/input/competitions/aptos2019-blindness-detection/train_images/d51e5d7484ea.png
cffc50047828,0,/kaggle/input/competitions/aptos2019-blindness-detection/train_images/cffc50047828.png
b8297a2291f5,0,/kaggle/input/competitions/aptos2019-blindness-detection/train_images/b8297a2291f5.png
60eeae3ba23d,2,/kaggle/input/competitions/aptos2019-blindness-detection/train_images/60eeae3ba23d.png
c96f743915b5,1,/kaggle/input/competitions/aptos2019-blindness-detection/train_images/c96f743915b5.png
378963f9df22,4,/kaggle/input/competitions/aptos2019-blindness-detection/train_images/378963f9df22.png
5b644a403e1f,2,/kaggle/input/competitions/aptos2019-blindness-detection/train_images/5b644a403e1f.png
b67ae80f7eba,0,/kaggle/input/competitions/aptos2019-blindness-detection/train_images/b67ae80f7eba.png
3079490a4b9c,0,/kaggle/input/competitions/aptos2019-blindness-detection/train_images/3079490a4b9c.png
157d17349cc6,2,/kaggle/input/competitions/aptos2019-blindness-detection/train_images/157d17349cc6.png
aa60813e1a8d,0,/kaggle/input/competitions/aptos2019-blindness-detection/train_images/aa60813e1a8d.png
0f96c358a250,3,/kaggle/input/competitions/aptos2019-blindness-detection/train_images/0f96c358a250.png
31452ad8808c,2,/kaggle/input/competitions/aptos2019-blindness-detection/train_images/31452ad8808c.png
e01b7bac822b,0,/kaggle/input/competitions/aptos2019-blindness-detection/train_images/e01b7bac822b.png
36041171f441,1,/kaggle/input/competitions/aptos2019-blindness-detection/train_images/36041171f441.png
f002ce614c59,0,/kaggle/input/competitions/aptos2019-blindness-detection/train_images/f002ce614c59.png
4a0bba3b7d83,2,/kaggle/input/competitions/aptos2019-blindness-detection/train_images/4a0bba3b7d83.png
20688cb25704,2,/kaggle/input/competitions/aptos2019-blindness-detection/train_images/20688cb25704.png
ffc04fed30e6,0,/kaggle/input/competitions/aptos2019-blindness-detection/train_images/ffc04fed30e6.png
9a4f370d341b,2,/kaggle/input/competitions/aptos2019-blindness-detection/train_images/9a4f370d341b.png
a2b995b81692,0,/kaggle/input/competitions/aptos2019-blindness-detection/train_images/a2b995b81692.png
7d1b40fdbd86,2,/kaggle/input/competitions/aptos2019-blindness-detection/train_images/7d1b40fdbd86.png
44f4ae58990e,2,/kaggle/input/competitions/aptos2019-blindness-detection/train_images/44f4ae58990e.png
53c874dbc594,0,/kaggle/input/competitions/aptos2019-blindness-detection/train_images/53c874dbc594.png
ed2c06fcc573,2,/kaggle/input/competitions/aptos2019-blindness-detection/train_images/ed2c06fcc573.png
12b57dac703e,0,/kaggle/input/competitions/aptos2019-blindness-detection/train_images/12b57dac703e.png
8bbd7835e9aa,1,/kaggle/input/competitions/aptos2019-blindness-detection/train_images/8bbd7835e9aa.png
4ce74e5eb51d,2,/kaggle/input/competitions/aptos2019-blindness-detection/train_images/4ce74e5eb51d.png
5077cdb88aed,0,/kaggle/input/competitions/aptos2019-blindness-detection/train_images/5077cdb88aed.png
880edb2cdb69,0,/kaggle/input/competitions/aptos2019-blindness-detection/train_images/880edb2cdb69.png
f26b02ead915,0,/kaggle/input/competitions/aptos2019-blindness-detection/train_images/f26b02ead915.png
4926dea289f8,0,/kaggle/input/competitions/aptos2019-blindness-detection/train_images/4926dea289f8.png
188a9323be03,2,/kaggle/input/competitions/aptos2019-blindness-detection/train_images/188a9323be03.png
847b04287c9c,0,/kaggle/input/competitions/aptos2019-blindness-detection/train_images/847b04287c9c.png
ea588d1e5d96,2,/kaggle/input/competitions/aptos2019-blindness-detection/train_images/ea588d1e5d96.png
81371b0c01ad,0,/kaggle/input/competitions/aptos2019-blindness-detection/train_images/81371b0c01ad.png
d2ffe9287dc7,3,/kaggle/input/competitions/aptos2019-blindness-detection/train_images/d2ffe9287dc7.png
8d4ff745a409,0,/kaggle/input/competitions/aptos2019-blindness-detection/train_images/8d4ff745a409.png
82910bba4753,2,/kaggle/input/competitions/aptos2019-blindness-detection/train_images/82910bba4753.png
b0eeae01b8ab,2,/kaggle/input/competitions/aptos2019-blindness-detection/train_images/b0eeae01b8ab.png
32d7d360d891,0,/kaggle/input/competitions/aptos2019-blindness-detection/train_images/32d7d360d891.png
fecf4c5ae84b,1,/kaggle/input/competitions/aptos2019-blindness-detection/train_images/fecf4c5ae84b.png
baaca2f7e1f0,0,/kaggle/input/competitions/aptos2019-blindness-detection/train_images/baaca2f7e1f0.png
261c6bd63bff,2,/kaggle/input/competitions/aptos2019-blindness-detection/train_images/261c6bd63bff.png
b460ca9fa26f,0,/kaggle/input/competitions/aptos2019-blindness-detection/train_images/b460ca9fa26f.png
ec57cc20d776,0,/kaggle/input/competitions/aptos2019-blindness-detection/train_images/ec57cc20d776.png
95e732e043a1,4,/kaggle/input/competitions/aptos2019-blindness-detection/train_images/95e732e043a1.png
9f285b3e57ed,0,/kaggle/input/competitions/aptos2019-blindness-detection/train_images/9f285b3e57ed.png
04d029cfb612,2,/kaggle/input/competitions/aptos2019-blindness-detection/train_images/04d029cfb612.png
ae20112e7a1e,0,/kaggle/input/competitions/aptos2019-blindness-detection/train_images/ae20112e7a1e.png
cd29c88c9e36,2,/kaggle/input/competitions/aptos2019-blindness-detection/train_images/cd29c88c9e36.png
f7fec8935126,1,/kaggle/input/competitions/aptos2019-blindness-detection/train_images/f7fec8935126.png
ee77763a6afb,0,/kaggle/input/competitions/aptos2019-blindness-detection/train_images/ee77763a6afb.png
cb0cc98d7e35,0,/kaggle/input/competitions/aptos2019-blindness-detection/train_images/cb0cc98d7e35.png
cab3dfa7962d,1,/kaggle/input/competitions/aptos2019-blindness-detection/train_images/cab3dfa7962d.png
3f73c91b7e32,1,/kaggle/input/competitions/aptos2019-blindness-detection/train_images/3f73c91b7e32.png
c67117c6ab3b,3,/kaggle/input/competitions/aptos2019-blindness-detection/train_images/c67117c6ab3b.png
6b7cf869622a,2,/kaggle/input/competitions/aptos2019-blindness-detection/train_images/6b7cf869622a.png
917f76f360b6,2,/kaggle/input/competitions/aptos2019-blindness-detection/train_images/917f76f360b6.png
b37aae3c8fe1,4,/kaggle/input/competitions/aptos2019-blindness-detection/train_images/b37aae3c8fe1.png
a125377fb985,2,/kaggle/input/competitions/aptos2019-blindness-detection/train_images/a125377fb985.png
1e4b3b823b95,2,/kaggle/input/competitions/aptos2019-blindness-detection/train_images/1e4b3b823b95.png
c12e9ca420a5,0,/kaggle/input/competitions/aptos2019-blindness-detection/train_images/c12e9ca420a5.png
6d6be4cfc73f,0,/kaggle/input/competitions/aptos2019-blindness-detection/train_images/6d6be4cfc73f.png
5a0fe0ee4301,0,/kaggle/input/competitions/aptos2019-blindness-detection/train_images/5a0fe0ee4301.png
7a42443ed106,0,/kaggle/input/competitions/aptos2019-blindness-detection/train_images/7a42443ed106.png
73ef3c3dcbe4,0,/kaggle/input/competitions/aptos2019-blindness-detection/train_images/73ef3c3dcbe4.png
31b5d6fb0256,2,/kaggle/input/competitions/aptos2019-blindness-detection/train_images/31b5d6fb0256.png
52886bed8a07,2,/kaggle/input/competitions/aptos2019-blindness-detection/train_images/52886bed8a07.png
2b48daf24be0,3,/kaggle/input/competitions/aptos2019-blindness-detection/train_images/2b48daf24be0.png
9cc6b1f9bcbd,4,/kaggle/input/competitions/aptos2019-blindness-detection/train_images/9cc6b1f9bcbd.png
97bf61736b86,2,/kaggle/input/competitions/aptos2019-blindness-detection/train_images/97bf61736b86.png
30263a7d5609,0,/kaggle/input/competitions/aptos2019-blindness-detection/train_images/30263a7d5609.png
93a1b984de84,0,/kaggle/input/competitions/aptos2019-blindness-detection/train_images/93a1b984de84.png
82deb07a6618,2,/kaggle/input/competitions/aptos2019-blindness-detection/train_images/82deb07a6618.png
3b2b91590590,0,/kaggle/input/competitions/aptos2019-blindness-detection/train_images/3b2b91590590.png
5b0e53f53ef3,1,/kaggle/input/competitions/aptos2019-blindness-detection/train_images/5b0e53f53ef3.png
8421107255ae,2,/kaggle/input/competitions/aptos2019-blindness-detection/train_images/8421107255ae.png
c1819db0aece,0,/kaggle/input/competitions/aptos2019-blindness-detection/train_images/c1819db0aece.png
b6bf847fbcb2,0,/kaggle/input/competitions/aptos2019-blindness-detection/train_images/b6bf847fbcb2.png
224c14366e11,0,/kaggle/input/competitions/aptos2019-blindness-detection/train_images/224c14366e11.png
c62cef02efa2,0,/kaggle/input/competitions/aptos2019-blindness-detection/train_images/c62cef02efa2.png
c40976189f22,1,/kaggle/input/competitions/aptos2019-blindness-detection/train_images/c40976189f22.png
070d4ce5fd90,0,/kaggle/input/competitions/aptos2019-blindness-detection/train_images/070d4ce5fd90.png
3a643599f852,0,/kaggle/input/competitions/aptos2019-blindness-detection/train_images/3a643599f852.png
ca30a97e9d13,1,/kaggle/input/competitions/aptos2019-blindness-detection/train_images/ca30a97e9d13.png
1c13a1483f4a,0,/kaggle/input/competitions/aptos2019-blindness-detection/train_images/1c13a1483f4a.png
705f508d1e42,0,/kaggle/input/competitions/aptos2019-blindness-detection/train_images/705f508d1e42.png
655cafb4c932,1,/kaggle/input/competitions/aptos2019-blindness-detection/train_images/655cafb4c932.png
b99794a0beed,2,/kaggle/input/competitions/aptos2019-blindness-detection/train_images/b99794a0beed.png
495106ae3b68,0,/kaggle/input/competitions/aptos2019-blindness-detection/train_images/495106ae3b68.png
4d7d6928534a,1,/kaggle/input/competitions/aptos2019-blindness-detection/train_images/4d7d6928534a.png
e17507a4a1f5,2,/kaggle/input/competitions/aptos2019-blindness-detection/train_images/e17507a4a1f5.png
710b05a96e0f,4,/kaggle/input/competitions/aptos2019-blindness-detection/train_images/710b05a96e0f.png
4860f7813654,0,/kaggle/input/competitions/aptos2019-blindness-detection/train_images/4860f7813654.png
4cf4d528c08e,0,/kaggle/input/competitions/aptos2019-blindness-detection/train_images/4cf4d528c08e.png
869bbd3170cc,2,/kaggle/input/competitions/aptos2019-blindness-detection/train_images/869bbd3170cc.png
5c6194562ed2,2,/kaggle/input/competitions/aptos2019-blindness-detection/train_images/5c6194562ed2.png
59bd19c1c5bb,0,/kaggle/input/competitions/aptos2019-blindness-detection/train_images/59bd19c1c5bb.png
4d009cebabc9,2,/kaggle/input/competitions/aptos2019-blindness-detection/train_images/4d009cebabc9.png
000c1434d8d7,2,/kaggle/input/competitions/aptos2019-blindness-detection/train_images/000c1434d8d7.png
b69c224edd6e,0,/kaggle/input/competitions/aptos2019-blindness-detection/train_images/b69c224edd6e.png
ee3f5cf52188,0,/kaggle/input/competitions/aptos2019-blindness-detection/train_images/ee3f5cf52188.png
ff4955e76894,0,/kaggle/input/competitions/aptos2019-blindness-detection/train_images/ff4955e76894.png
4403538fb50f,0,/kaggle/input/competitions/aptos2019-blindness-detection/train_images/4403538fb50f.png
ca9c912ebad7,2,/kaggle/input/competitions/aptos2019-blindness-detection/train_images/ca9c912ebad7.png
dfea19863428,0,/kaggle/input/competitions/aptos2019-blindness-detection/train_images/dfea19863428.png
2d3f4094c08a,0,/kaggle/input/competitions/aptos2019-blindness-detection/train_images/2d3f4094c08a.png
8d13c46e7d75,0,/kaggle/input/competitions/aptos2019-blindness-detection/train_images/8d13c46e7d75.png
c0202976c670,2,/kaggle/input/competitions/aptos2019-blindness-detection/train_images/c0202976c670.png
e7d2c2c3b30f,4,/kaggle/input/competitions/aptos2019-blindness-detection/train_images/e7d2c2c3b30f.png
8ead17dfb6a6,0,/kaggle/input/competitions/aptos2019-blindness-detection/train_images/8ead17dfb6a6.png
2fb3a8606a77,2,/kaggle/input/competitions/aptos2019-blindness-detection/train_images/2fb3a8606a77.png
a06b353e7bed,0,/kaggle/input/competitions/aptos2019-blindness-detection/train_images/a06b353e7bed.png
aa9b8f05f4bf,2,/kaggle/input/competitions/aptos2019-blindness-detection/train_images/aa9b8f05f4bf.png
da44f80b422b,2,/kaggle/input/competitions/aptos2019-blindness-detection/train_images/da44f80b422b.png
8ff863f8874f,1,/kaggle/input/competitions/aptos2019-blindness-detection/train_images/8ff863f8874f.png
d97911a32918,0,/kaggle/input/competitions/aptos2019-blindness-detection/train_images/d97911a32918.png
628b581aa905,0,/kaggle/input/competitions/aptos2019-blindness-detection/train_images/628b581aa905.png
d803598dabda,4,/kaggle/input/competitions/aptos2019-blindness-detection/train_images/d803598dabda.png
d7e5fe5245e0,0,/kaggle/input/competitions/aptos2019-blindness-detection/train_images/d7e5fe5245e0.png
58c12863f33d,0,/kaggle/input/competitions/aptos2019-blindness-detection/train_images/58c12863f33d.png
8e67f2d7e0ee,0,/kaggle/input/competitions/aptos2019-blindness-detection/train_images/8e67f2d7e0ee.png
0212dd31f623,0,/kaggle/input/competitions/aptos2019-blindness-detection/train_images/0212dd31f623.png
16060f05d047,0,/kaggle/input/competitions/aptos2019-blindness-detection/train_images/16060f05d047.png
c5a0e84e955d,0,/kaggle/input/competitions/aptos2019-blindness-detection/train_images/c5a0e84e955d.png
4df6a81b476e,3,/kaggle/input/competitions/aptos2019-blindness-detection/train_images/4df6a81b476e.png
af6166d57f13,0,/kaggle/input/competitions/aptos2019-blindness-detection/train_images/af6166d57f13.png
7f43becd3e83,0,/kaggle/input/competitions/aptos2019-blindness-detection/train_images/7f43becd3e83.png
51af8a689511,0,/kaggle/input/competitions/aptos2019-blindness-detection/train_images/51af8a689511.png
b94c58d063bf,1,/kaggle/input/competitions/aptos2019-blindness-detection/train_images/b94c58d063bf.png
1608c82a263f,0,/kaggle/input/competitions/aptos2019-blindness-detection/train_images/1608c82a263f.png
5b76117c4bcb,4,/kaggle/input/competitions/aptos2019-blindness-detection/train_images/5b76117c4bcb.png
041f09eec1e8,2,/kaggle/input/competitions/aptos2019-blindness-detection/train_images/041f09eec1e8.png
fac399455195,2,/kaggle/input/competitions/aptos2019-blindness-detection/train_images/fac399455195.png
43bc7c066dfb,0,/kaggle/input/competitions/aptos2019-blindness-detection/train_images/43bc7c066dfb.png
bdc6c60e9133,0,/kaggle/input/competitions/aptos2019-blindness-detection/train_images/bdc6c60e9133.png
7be1b9aa78aa,0,/kaggle/input/competitions/aptos2019-blindness-detection/train_images/7be1b9aa78aa.png
8a25a080f28f,1,/kaggle/input/competitions/aptos2019-blindness-detection/train_images/8a25a080f28f.png
582f739b8f62,2,/kaggle/input/competitions/aptos2019-blindness-detection/train_images/582f739b8f62.png
e724866f5084,2,/kaggle/input/competitions/aptos2019-blindness-detection/train_images/e724866f5084.png
9ad92f1c1542,2,/kaggle/input/competitions/aptos2019-blindness-detection/train_images/9ad92f1c1542.png
abe940882578,0,/kaggle/input/competitions/aptos2019-blindness-detection/train_images/abe940882578.png
750e0168399d,0,/kaggle/input/competitions/aptos2019-blindness-detection/train_images/750e0168399d.png
d844a7252f4e,0,/kaggle/input/competitions/aptos2019-blindness-detection/train_images/d844a7252f4e.png
f1d719c97838,0,/kaggle/input/competitions/aptos2019-blindness-detection/train_images/f1d719c97838.png
5db2e3a4594a,0,/kaggle/input/competitions/aptos2019-blindness-detection/train_images/5db2e3a4594a.png
28dc010a0780,0,/kaggle/input/competitions/aptos2019-blindness-detection/train_images/28dc010a0780.png
8bf05909e1e1,0,/kaggle/input/competitions/aptos2019-blindness-detection/train_images/8bf05909e1e1.png
67d8f94f04e0,0,/kaggle/input/competitions/aptos2019-blindness-detection/train_images/67d8f94f04e0.png
a627eb8c08c5,0,/kaggle/input/competitions/aptos2019-blindness-detection/train_images/a627eb8c08c5.png
bb7e0a2544cd,3,/kaggle/input/competitions/aptos2019-blindness-detection/train_images/bb7e0a2544cd.png
77e15f213b04,0,/kaggle/input/competitions/aptos2019-blindness-detection/train_images/77e15f213b04.png
0d8f60ed9280,0,/kaggle/input/competitions/aptos2019-blindness-detection/train_images/0d8f60ed9280.png
57db4781e7ec,0,/kaggle/input/competitions/aptos2019-blindness-detection/train_images/57db4781e7ec.png
944a233fbf8e,1,/kaggle/input/competitions/aptos2019-blindness-detection/train_images/944a233fbf8e.png
2ef4a04aed1b,0,/kaggle/input/competitions/aptos2019-blindness-detection/train_images/2ef4a04aed1b.png
2241b7e90782,2,/kaggle/input/competitions/aptos2019-blindness-detection/train_images/2241b7e90782.png
0a1076183736,2,/kaggle/input/competitions/aptos2019-blindness-detection/train_images/0a1076183736.png
52230bbef30e,2,/kaggle/input/competitions/aptos2019-blindness-detection/train_images/52230bbef30e.png
2dd28ac497d2,0,/kaggle/input/competitions/aptos2019-blindness-detection/train_images/2dd28ac497d2.png
7adfb8fc0621,0,/kaggle/input/competitions/aptos2019-blindness-detection/train_images/7adfb8fc0621.png
d1f7ea924a01,0,/kaggle/input/competitions/aptos2019-blindness-detection/train_images/d1f7ea924a01.png
42b9c1977681,0,/kaggle/input/competitions/aptos2019-blindness-detection/train_images/42b9c1977681.png
6bcce181be65,0,/kaggle/input/competitions/aptos2019-blindness-detection/train_images/6bcce181be65.png
c561bcd519e9,2,/kaggle/input/competitions/aptos2019-blindness-detection/train_images/c561bcd519e9.png
bc7bf19b84e3,0,/kaggle/input/competitions/aptos2019-blindness-detection/train_images/bc7bf19b84e3.png
788ddb0b70b7,3,/kaggle/input/competitions/aptos2019-blindness-detection/train_images/788ddb0b70b7.png
ac2c814949f9,2,/kaggle/input/competitions/aptos2019-blindness-detection/train_images/ac2c814949f9.png
3a1d3ce00f0c,2,/kaggle/input/competitions/aptos2019-blindness-detection/train_images/3a1d3ce00f0c.png
17d997fe1090,0,/kaggle/input/competitions/aptos2019-blindness-detection/train_images/17d997fe1090.png
ea7e21bab610,0,/kaggle/input/competitions/aptos2019-blindness-detection/train_images/ea7e21bab610.png
26999ebc21de,2,/kaggle/input/competitions/aptos2019-blindness-detection/train_images/26999ebc21de.png
5e7cc6ab4ac4,2,/kaggle/input/competitions/aptos2019-blindness-detection/train_images/5e7cc6ab4ac4.png
b11dcdcbc8c8,0,/kaggle/input/competitions/aptos2019-blindness-detection/train_images/b11dcdcbc8c8.png
bffca6eeb2bf,0,/kaggle/input/competitions/aptos2019-blindness-detection/train_images/bffca6eeb2bf.png
bb783d8e496f,1,/kaggle/input/competitions/aptos2019-blindness-detection/train_images/bb783d8e496f.png
2967e578939f,2,/kaggle/input/competitions/aptos2019-blindness-detection/train_images/2967e578939f.png
44ecf3f4efa5,4,/kaggle/input/competitions/aptos2019-blindness-detection/train_images/44ecf3f4efa5.png
bfda2fd0533a,2,/kaggle/input/competitions/aptos2019-blindness-detection/train_images/bfda2fd0533a.png
fba493e17448,2,/kaggle/input/competitions/aptos2019-blindness-detection/train_images/fba493e17448.png
478fc46eaa49,0,/kaggle/input/competitions/aptos2019-blindness-detection/train_images/478fc46eaa49.png
fe674c2f73f5,1,/kaggle/input/competitions/aptos2019-blindness-detection/train_images/fe674c2f73f5.png
57ce57a8cfb0,2,/kaggle/input/competitions/aptos2019-blindness-detection/train_images/57ce57a8cfb0.png
9c893e16c055,0,/kaggle/input/competitions/aptos2019-blindness-detection/train_images/9c893e16c055.png
b21abe5d9722,0,/kaggle/input/competitions/aptos2019-blindness-detection/train_images/b21abe5d9722.png
8ceff4c4c860,0,/kaggle/input/competitions/aptos2019-blindness-detection/train_images/8ceff4c4c860.png
2a7373eeb352,0,/kaggle/input/competitions/aptos2019-blindness-detection/train_images/2a7373eeb352.png
2bd4d4fbed5c,2,/kaggle/input/competitions/aptos2019-blindness-detection/train_images/2bd4d4fbed5c.png
51d0034d177d,2,/kaggle/input/competitions/aptos2019-blindness-detection/train_images/51d0034d177d.png
26cd40b57ad1,0,/kaggle/input/competitions/aptos2019-blindness-detection/train_images/26cd40b57ad1.png
6cffc6c6851a,0,/kaggle/input/competitions/aptos2019-blindness-detection/train_images/6cffc6c6851a.png
a77dbec966d4,1,/kaggle/input/competitions/aptos2019-blindness-detection/train_images/a77dbec966d4.png
7ad0c4975890,0,/kaggle/input/competitions/aptos2019-blindness-detection/train_images/7ad0c4975890.png
f901d460517c,3,/kaggle/input/competitions/aptos2019-blindness-detection/train_images/f901d460517c.png
e31c42a8652b,2,/kaggle/input/competitions/aptos2019-blindness-detection/train_images/e31c42a8652b.png
7427dedafccf,1,/kaggle/input/competitions/aptos2019-blindness-detection/train_images/7427dedafccf.png
36a1e3c780a0,2,/kaggle/input/competitions/aptos2019-blindness-detection/train_images/36a1e3c780a0.png
4e7694eebb91,2,/kaggle/input/competitions/aptos2019-blindness-detection/train_images/4e7694eebb91.png
66393d8c60ba,0,/kaggle/input/competitions/aptos2019-blindness-detection/train_images/66393d8c60ba.png
be521870a0ea,0,/kaggle/input/competitions/aptos2019-blindness-detection/train_images/be521870a0ea.png
663a923d5398,2,/kaggle/input/competitions/aptos2019-blindness-detection/train_images/663a923d5398.png
71e43b4f8ba6,0,/kaggle/input/competitions/aptos2019-blindness-detection/train_images/71e43b4f8ba6.png
dd110d2b8c21,2,/kaggle/input/competitions/aptos2019-blindness-detection/train_images/dd110d2b8c21.png
a88f68b0b114,2,/kaggle/input/competitions/aptos2019-blindness-detection/train_images/a88f68b0b114.png
7f1f3269f546,0,/kaggle/input/competitions/aptos2019-blindness-detection/train_images/7f1f3269f546.png
e19936582c61,3,/kaggle/input/competitions/aptos2019-blindness-detection/train_images/e19936582c61.png
2b2f5a0f880d,0,/kaggle/input/competitions/aptos2019-blindness-detection/train_images/2b2f5a0f880d.png
8d3d67661620,2,/kaggle/input/competitions/aptos2019-blindness-detection/train_images/8d3d67661620.png
1782142e17d9,0,/kaggle/input/competitions/aptos2019-blindness-detection/train_images/1782142e17d9.png
4f20f9a9a65b,2,/kaggle/input/competitions/aptos2019-blindness-detection/train_images/4f20f9a9a65b.png
103f97a2ab15,0,/kaggle/input/competitions/aptos2019-blindness-detection/train_images/103f97a2ab15.png
7f84284598f5,2,/kaggle/input/competitions/aptos2019-blindness-detection/train_images/7f84284598f5.png
3730c322d35b,0,/kaggle/input/competitions/aptos2019-blindness-detection/train_images/3730c322d35b.png
8b76c3c5cb3e,3,/kaggle/input/competitions/aptos2019-blindness-detection/train_images/8b76c3c5cb3e.png
7335a2d43ada,1,/kaggle/input/competitions/aptos2019-blindness-detection/train_images/7335a2d43ada.png
46c1548d730e,2,/kaggle/input/competitions/aptos2019-blindness-detection/train_images/46c1548d730e.png
b56340f472d2,1,/kaggle/input/competitions/aptos2019-blindness-detection/train_images/b56340f472d2.png
ab653b8554c0,0,/kaggle/input/competitions/aptos2019-blindness-detection/train_images/ab653b8554c0.png
5712e2aa73a2,1,/kaggle/input/competitions/aptos2019-blindness-detection/train_images/5712e2aa73a2.png
51d574513bcb,2,/kaggle/input/competitions/aptos2019-blindness-detection/train_images/51d574513bcb.png
7a0cff4c24b2,2,/kaggle/input/competitions/aptos2019-blindness-detection/train_images/7a0cff4c24b2.png
18b7e34eab8f,0,/kaggle/input/competitions/aptos2019-blindness-detection/train_images/18b7e34eab8f.png
e8ddfc9709ce,0,/kaggle/input/competitions/aptos2019-blindness-detection/train_images/e8ddfc9709ce.png
31360e44ac64,0,/kaggle/input/competitions/aptos2019-blindness-detection/train_images/31360e44ac64.png
fa7fa797c650,0,/kaggle/input/competitions/aptos2019-blindness-detection/train_images/fa7fa797c650.png
cd972e5639e0,4,/kaggle/input/competitions/aptos2019-blindness-detection/train_images/cd972e5639e0.png
1c7a013eeba7,0,/kaggle/input/competitions/aptos2019-blindness-detection/train_images/1c7a013eeba7.png
f86d1c404acb,0,/kaggle/input/competitions/aptos2019-blindness-detection/train_images/f86d1c404acb.png
8f1e7433a95d,2,/kaggle/input/competitions/aptos2019-blindness-detection/train_images/8f1e7433a95d.png
0cae727cf119,0,/kaggle/input/competitions/aptos2019-blindness-detection/train_images/0cae727cf119.png
f233638e0e90,0,/kaggle/input/competitions/aptos2019-blindness-detection/train_images/f233638e0e90.png
12ab2f6397f0,0,/kaggle/input/competitions/aptos2019-blindness-detection/train_images/12ab2f6397f0.png
6762b2b48ea5,1,/kaggle/input/competitions/aptos2019-blindness-detection/train_images/6762b2b48ea5.png
6b66b0e86f7e,0,/kaggle/input/competitions/aptos2019-blindness-detection/train_images/6b66b0e86f7e.png
33b893e18eb3,1,/kaggle/input/competitions/aptos2019-blindness-detection/train_images/33b893e18eb3.png
4a4cb731f91a,0,/kaggle/input/competitions/aptos2019-blindness-detection/train_images/4a4cb731f91a.png
e85d410d6836,2,/kaggle/input/competitions/aptos2019-blindness-detection/train_images/e85d410d6836.png
7347bd23ba80,0,/kaggle/input/competitions/aptos2019-blindness-detection/train_images/7347bd23ba80.png
7c6594b50690,0,/kaggle/input/competitions/aptos2019-blindness-detection/train_images/7c6594b50690.png
3cd9713c0ecb,0,/kaggle/input/competitions/aptos2019-blindness-detection/train_images/3cd9713c0ecb.png
0dc8d25b3f69,3,/kaggle/input/competitions/aptos2019-blindness-detection/train_images/0dc8d25b3f69.png
74211a2b6dcf,0,/kaggle/input/competitions/aptos2019-blindness-detection/train_images/74211a2b6dcf.png
222f3ee3a1e8,4,/kaggle/input/competitions/aptos2019-blindness-detection/train_images/222f3ee3a1e8.png
5e18af29d812,2,/kaggle/input/competitions/aptos2019-blindness-detection/train_images/5e18af29d812.png
684dd88a0d49,0,/kaggle/input/competitions/aptos2019-blindness-detection/train_images/684dd88a0d49.png
2017cd92c63d,4,/kaggle/input/competitions/aptos2019-blindness-detection/train_images/2017cd92c63d.png
15e96e848b46,4,/kaggle/input/competitions/aptos2019-blindness-detection/train_images/15e96e848b46.png
e47452069ea1,0,/kaggle/input/competitions/aptos2019-blindness-detection/train_images/e47452069ea1.png
a8a6588c8eb7,0,/kaggle/input/competitions/aptos2019-blindness-detection/train_images/a8a6588c8eb7.png
38487e1a5b1f,2,/kaggle/input/competitions/aptos2019-blindness-detection/train_images/38487e1a5b1f.png
5188a8afa879,2,/kaggle/input/competitions/aptos2019-blindness-detection/train_images/5188a8afa879.png
cd9e2190c73f,2,/kaggle/input/competitions/aptos2019-blindness-detection/train_images/cd9e2190c73f.png
6b869f37cdf3,2,/kaggle/input/competitions/aptos2019-blindness-detection/train_images/6b869f37cdf3.png
75a7bc945b7d,2,/kaggle/input/competitions/aptos2019-blindness-detection/train_images/75a7bc945b7d.png
2c9dfc270f1b,0,/kaggle/input/competitions/aptos2019-blindness-detection/train_images/2c9dfc270f1b.png
c3acf47700ea,2,/kaggle/input/competitions/aptos2019-blindness-detection/train_images/c3acf47700ea.png
dd3dad6ca78f,3,/kaggle/input/competitions/aptos2019-blindness-detection/train_images/dd3dad6ca78f.png
99240ee00485,0,/kaggle/input/competitions/aptos2019-blindness-detection/train_images/99240ee00485.png
7d94a000c2d0,0,/kaggle/input/competitions/aptos2019-blindness-detection/train_images/7d94a000c2d0.png
af5a0bc4e1fa,0,/kaggle/input/competitions/aptos2019-blindness-detection/train_images/af5a0bc4e1fa.png
52dbec057cc8,2,/kaggle/input/competitions/aptos2019-blindness-detection/train_images/52dbec057cc8.png
64bad93fde3f,4,/kaggle/input/competitions/aptos2019-blindness-detection/train_images/64bad93fde3f.png
9a9b21215c55,2,/kaggle/input/competitions/aptos2019-blindness-detection/train_images/9a9b21215c55.png
9095d43fb132,0,/kaggle/input/competitions/aptos2019-blindness-detection/train_images/9095d43fb132.png
c94f37085d0f,0,/kaggle/input/competitions/aptos2019-blindness-detection/train_images/c94f37085d0f.png
721214151233,0,/kaggle/input/competitions/aptos2019-blindness-detection/train_images/721214151233.png
aa5ce75edcf5,2,/kaggle/input/competitions/aptos2019-blindness-detection/train_images/aa5ce75edcf5.png
44a86263117b,0,/kaggle/input/competitions/aptos2019-blindness-detection/train_images/44a86263117b.png
4a213b405ee4,1,/kaggle/input/competitions/aptos2019-blindness-detection/train_images/4a213b405ee4.png
7b9d519cbd66,0,/kaggle/input/competitions/aptos2019-blindness-detection/train_images/7b9d519cbd66.png
217dad18a5ed,2,/kaggle/input/competitions/aptos2019-blindness-detection/train_images/217dad18a5ed.png
0924cec998fa,0,/kaggle/input/competitions/aptos2019-blindness-detection/train_images/0924cec998fa.png
19722bff5a09,1,/kaggle/input/competitions/aptos2019-blindness-detection/train_images/19722bff5a09.png
fe3b0e50be78,0,/kaggle/input/competitions/aptos2019-blindness-detection/train_images/fe3b0e50be78.png
00e4ddff966a,2,/kaggle/input/competitions/aptos2019-blindness-detection/train_images/00e4ddff966a.png
4189d4e631ec,2,/kaggle/input/competitions/aptos2019-blindness-detection/train_images/4189d4e631ec.png
a26f50218b84,0,/kaggle/input/competitions/aptos2019-blindness-detection/train_images/a26f50218b84.png
25a0a1e41afd,0,/kaggle/input/competitions/aptos2019-blindness-detection/train_images/25a0a1e41afd.png
72d98188648f,4,/kaggle/input/competitions/aptos2019-blindness-detection/train_images/72d98188648f.png
ee78ce914066,1,/kaggle/input/competitions/aptos2019-blindness-detection/train_images/ee78ce914066.png
6cdd0f985270,1,/kaggle/input/competitions/aptos2019-blindness-detection/train_images/6cdd0f985270.png
f2f569a64949,0,/kaggle/input/competitions/aptos2019-blindness-detection/train_images/f2f569a64949.png
91e8af9ceee9,2,/kaggle/input/competitions/aptos2019-blindness-detection/train_images/91e8af9ceee9.png
b35cad8fe2d7,0,/kaggle/input/competitions/aptos2019-blindness-detection/train_images/b35cad8fe2d7.png
a87f53bc984a,2,/kaggle/input/competitions/aptos2019-blindness-detection/train_images/a87f53bc984a.png
7e70344b0c25,0,/kaggle/input/competitions/aptos2019-blindness-detection/train_images/7e70344b0c25.png
42c65af5ab16,0,/kaggle/input/competitions/aptos2019-blindness-detection/train_images/42c65af5ab16.png
a6356a3c5d11,0,/kaggle/input/competitions/aptos2019-blindness-detection/train_images/a6356a3c5d11.png
bba38f2294a3,4,/kaggle/input/competitions/aptos2019-blindness-detection/train_images/bba38f2294a3.png
0a85a1e8f9e9,0,/kaggle/input/competitions/aptos2019-blindness-detection/train_images/0a85a1e8f9e9.png
df6d13d04da1,0,/kaggle/input/competitions/aptos2019-blindness-detection/train_images/df6d13d04da1.png
a879c3569552,2,/kaggle/input/competitions/aptos2019-blindness-detection/train_images/a879c3569552.png
c597ef460944,0,/kaggle/input/competitions/aptos2019-blindness-detection/train_images/c597ef460944.png
72606afaf3da,0,/kaggle/input/competitions/aptos2019-blindness-detection/train_images/72606afaf3da.png
99ecdb41d5e7,1,/kaggle/input/competitions/aptos2019-blindness-detection/train_images/99ecdb41d5e7.png
a01024054596,1,/kaggle/input/competitions/aptos2019-blindness-detection/train_images/a01024054596.png
e9f82b5bbaf4,2,/kaggle/input/competitions/aptos2019-blindness-detection/train_images/e9f82b5bbaf4.png
3a1ecf5e2839,4,/kaggle/input/competitions/aptos2019-blindness-detection/train_images/3a1ecf5e2839.png
c6916bc42016,0,/kaggle/input/competitions/aptos2019-blindness-detection/train_images/c6916bc42016.png
f994a3b07935,0,/kaggle/input/competitions/aptos2019-blindness-detection/train_images/f994a3b07935.png
57f933d3d7c7,2,/kaggle/input/competitions/aptos2019-blindness-detection/train_images/57f933d3d7c7.png
d02b79fc3200,0,/kaggle/input/competitions/aptos2019-blindness-detection/train_images/d02b79fc3200.png
545df1bbcd61,1,/kaggle/input/competitions/aptos2019-blindness-detection/train_images/545df1bbcd61.png
68ddb15a74de,0,/kaggle/input/competitions/aptos2019-blindness-detection/train_images/68ddb15a74de.png
5445255635f0,0,/kaggle/input/competitions/aptos2019-blindness-detection/train_images/5445255635f0.png
b191ba0a2b12,3,/kaggle/input/competitions/aptos2019-blindness-detection/train_images/b191ba0a2b12.png
0babc12807b2,0,/kaggle/input/competitions/aptos2019-blindness-detection/train_images/0babc12807b2.png
d1f1ea894da1,2,/kaggle/input/competitions/aptos2019-blindness-detection/train_images/d1f1ea894da1.png
2628305cbb29,4,/kaggle/input/competitions/aptos2019-blindness-detection/train_images/2628305cbb29.png
29d059522fa1,0,/kaggle/input/competitions/aptos2019-blindness-detection/train_images/29d059522fa1.png
6889bc64ab09,2,/kaggle/input/competitions/aptos2019-blindness-detection/train_images/6889bc64ab09.png
a9a28c37c8c4,2,/kaggle/input/competitions/aptos2019-blindness-detection/train_images/a9a28c37c8c4.png
efff2f1a35f5,2,/kaggle/input/competitions/aptos2019-blindness-detection/train_images/efff2f1a35f5.png
7550966ef777,2,/kaggle/input/competitions/aptos2019-blindness-detection/train_images/7550966ef777.png
7a6e384a0846,3,/kaggle/input/competitions/aptos2019-blindness-detection/train_images/7a6e384a0846.png
8676427e4625,1,/kaggle/input/competitions/aptos2019-blindness-detection/train_images/8676427e4625.png
fe2df69676cf,1,/kaggle/input/competitions/aptos2019-blindness-detection/train_images/fe2df69676cf.png
67c03349bb31,2,/kaggle/input/competitions/aptos2019-blindness-detection/train_images/67c03349bb31.png
12bc439d373a,0,/kaggle/input/competitions/aptos2019-blindness-detection/train_images/12bc439d373a.png
ab32db41c409,0,/kaggle/input/competitions/aptos2019-blindness-detection/train_images/ab32db41c409.png
54bdcdecd8f3,0,/kaggle/input/competitions/aptos2019-blindness-detection/train_images/54bdcdecd8f3.png
fd4c946c52bf,0,/kaggle/input/competitions/aptos2019-blindness-detection/train_images/fd4c946c52bf.png
071435a218ec,2,/kaggle/input/competitions/aptos2019-blindness-detection/train_images/071435a218ec.png
4205e9deb058,0,/kaggle/input/competitions/aptos2019-blindness-detection/train_images/4205e9deb058.png
e2a233493b90,1,/kaggle/input/competitions/aptos2019-blindness-detection/train_images/e2a233493b90.png
9f5a8665cf2e,2,/kaggle/input/competitions/aptos2019-blindness-detection/train_images/9f5a8665cf2e.png
a73c3d516c59,0,/kaggle/input/competitions/aptos2019-blindness-detection/train_images/a73c3d516c59.png
c23ff6dcf15e,0,/kaggle/input/competitions/aptos2019-blindness-detection/train_images/c23ff6dcf15e.png
3232b34cbe99,0,/kaggle/input/competitions/aptos2019-blindness-detection/train_images/3232b34cbe99.png
1c47815f4a6b,0,/kaggle/input/competitions/aptos2019-blindness-detection/train_images/1c47815f4a6b.png
b8e9a8f4617d,0,/kaggle/input/competitions/aptos2019-blindness-detection/train_images/b8e9a8f4617d.png
1943983492e5,2,/kaggle/input/competitions/aptos2019-blindness-detection/train_images/1943983492e5.png
e6552b7432b3,0,/kaggle/input/competitions/aptos2019-blindness-detection/train_images/e6552b7432b3.png
b98f77098b9d,2,/kaggle/input/competitions/aptos2019-blindness-detection/train_images/b98f77098b9d.png
d865997a6280,0,/kaggle/input/competitions/aptos2019-blindness-detection/train_images/d865997a6280.png
0684311afdfc,1,/kaggle/input/competitions/aptos2019-blindness-detection/train_images/0684311afdfc.png
42b93b574f23,2,/kaggle/input/competitions/aptos2019-blindness-detection/train_images/42b93b574f23.png
f30f203ef51e,2,/kaggle/input/competitions/aptos2019-blindness-detection/train_images/f30f203ef51e.png
c64c0966b4cf,0,/kaggle/input/competitions/aptos2019-blindness-detection/train_images/c64c0966b4cf.png
b8fb9f55cd6d,2,/kaggle/input/competitions/aptos2019-blindness-detection/train_images/b8fb9f55cd6d.png
c1799a6f5c65,4,/kaggle/input/competitions/aptos2019-blindness-detection/train_images/c1799a6f5c65.png
9a159d4674cd,0,/kaggle/input/competitions/aptos2019-blindness-detection/train_images/9a159d4674cd.png
a3957df90a78,2,/kaggle/input/competitions/aptos2019-blindness-detection/train_images/a3957df90a78.png
165634a6167e,0,/kaggle/input/competitions/aptos2019-blindness-detection/train_images/165634a6167e.png
13063d1bc4ea,2,/kaggle/input/competitions/aptos2019-blindness-detection/train_images/13063d1bc4ea.png
484dbeb9bf2a,0,/kaggle/input/competitions/aptos2019-blindness-detection/train_images/484dbeb9bf2a.png
ed88faaa325a,2,/kaggle/input/competitions/aptos2019-blindness-detection/train_images/ed88faaa325a.png
1e036f2e7095,0,/kaggle/input/competitions/aptos2019-blindness-detection/train_images/1e036f2e7095.png
1cb814ed6332,2,/kaggle/input/competitions/aptos2019-blindness-detection/train_images/1cb814ed6332.png
65e120143825,4,/kaggle/input/competitions/aptos2019-blindness-detection/train_images/65e120143825.png
8860c7b11530,2,/kaggle/input/competitions/aptos2019-blindness-detection/train_images/8860c7b11530.png
41960d5f58c2,0,/kaggle/input/competitions/aptos2019-blindness-detection/train_images/41960d5f58c2.png
f6f7dba7104d,1,/kaggle/input/competitions/aptos2019-blindness-detection/train_images/f6f7dba7104d.png
a8263d248523,0,/kaggle/input/competitions/aptos2019-blindness-detection/train_images/a8263d248523.png
50a2aef380c8,3,/kaggle/input/competitions/aptos2019-blindness-detection/train_images/50a2aef380c8.png
b3f31c371e59,0,/kaggle/input/competitions/aptos2019-blindness-detection/train_images/b3f31c371e59.png
0edadb2aa127,3,/kaggle/input/competitions/aptos2019-blindness-detection/train_images/0edadb2aa127.png
ecad6845f630,0,/kaggle/input/competitions/aptos2019-blindness-detection/train_images/ecad6845f630.png
9ac41b9a809e,0,/kaggle/input/competitions/aptos2019-blindness-detection/train_images/9ac41b9a809e.png
c81c6911f5e0,0,/kaggle/input/competitions/aptos2019-blindness-detection/train_images/c81c6911f5e0.png
639915f58a2f,0,/kaggle/input/competitions/aptos2019-blindness-detection/train_images/639915f58a2f.png
09662e462531,0,/kaggle/input/competitions/aptos2019-blindness-detection/train_images/09662e462531.png
8eeac97f02f0,4,/kaggle/input/competitions/aptos2019-blindness-detection/train_images/8eeac97f02f0.png
56e56aa08362,2,/kaggle/input/competitions/aptos2019-blindness-detection/train_images/56e56aa08362.png
96ea316ed0ab,0,/kaggle/input/competitions/aptos2019-blindness-detection/train_images/96ea316ed0ab.png
196e6a186452,2,/kaggle/input/competitions/aptos2019-blindness-detection/train_images/196e6a186452.png
07a0e34c8d20,3,/kaggle/input/competitions/aptos2019-blindness-detection/train_images/07a0e34c8d20.png
1a90fad9ffa2,4,/kaggle/input/competitions/aptos2019-blindness-detection/train_images/1a90fad9ffa2.png
054b1b305160,0,/kaggle/input/competitions/aptos2019-blindness-detection/train_images/054b1b305160.png
d2901144070c,4,/kaggle/input/competitions/aptos2019-blindness-detection/train_images/d2901144070c.png
281d7b7c7676,4,/kaggle/input/competitions/aptos2019-blindness-detection/train_images/281d7b7c7676.png
c9ea9d5eab65,3,/kaggle/input/competitions/aptos2019-blindness-detection/train_images/c9ea9d5eab65.png
7fdb177b8f7d,0,/kaggle/input/competitions/aptos2019-blindness-detection/train_images/7fdb177b8f7d.png
4cde86044ad1,0,/kaggle/input/competitions/aptos2019-blindness-detection/train_images/4cde86044ad1.png
9ed6c2b25767,0,/kaggle/input/competitions/aptos2019-blindness-detection/train_images/9ed6c2b25767.png
e69b48516577,0,/kaggle/input/competitions/aptos2019-blindness-detection/train_images/e69b48516577.png
b3a994760537,0,/kaggle/input/competitions/aptos2019-blindness-detection/train_images/b3a994760537.png
b9fe7da14a32,0,/kaggle/input/competitions/aptos2019-blindness-detection/train_images/b9fe7da14a32.png
bda8c973b09d,2,/kaggle/input/competitions/aptos2019-blindness-detection/train_images/bda8c973b09d.png
a484bdf85b4c,0,/kaggle/input/competitions/aptos2019-blindness-detection/train_images/a484bdf85b4c.png
07e827469099,0,/kaggle/input/competitions/aptos2019-blindness-detection/train_images/07e827469099.png
4d1e7def7624,0,/kaggle/input/competitions/aptos2019-blindness-detection/train_images/4d1e7def7624.png
f0860c21533b,0,/kaggle/input/competitions/aptos2019-blindness-detection/train_images/f0860c21533b.png
b77b8a1f09f1,4,/kaggle/input/competitions/aptos2019-blindness-detection/train_images/b77b8a1f09f1.png
2c1d5be654dd,2,/kaggle/input/competitions/aptos2019-blindness-detection/train_images/2c1d5be654dd.png
aad0c0ee9268,2,/kaggle/input/competitions/aptos2019-blindness-detection/train_images/aad0c0ee9268.png
1c6d119c3d70,2,/kaggle/input/competitions/aptos2019-blindness-detection/train_images/1c6d119c3d70.png
66cd9c28e636,1,/kaggle/input/competitions/aptos2019-blindness-detection/train_images/66cd9c28e636.png
2a3a1ed1c285,2,/kaggle/input/competitions/aptos2019-blindness-detection/train_images/2a3a1ed1c285.png
8e76054f0831,0,/kaggle/input/competitions/aptos2019-blindness-detection/train_images/8e76054f0831.png
fa59221cf464,4,/kaggle/input/competitions/aptos2019-blindness-detection/train_images/fa59221cf464.png
2cfe8703f265,0,/kaggle/input/competitions/aptos2019-blindness-detection/train_images/2cfe8703f265.png
6653ad026901,0,/kaggle/input/competitions/aptos2019-blindness-detection/train_images/6653ad026901.png
331b87d1b9d1,2,/kaggle/input/competitions/aptos2019-blindness-detection/train_images/331b87d1b9d1.png
da0a83f074f3,0,/kaggle/input/competitions/aptos2019-blindness-detection/train_images/da0a83f074f3.png
d9a475dfe59a,2,/kaggle/input/competitions/aptos2019-blindness-detection/train_images/d9a475dfe59a.png
0eff8eacb2f7,2,/kaggle/input/competitions/aptos2019-blindness-detection/train_images/0eff8eacb2f7.png
38f1901f214a,0,/kaggle/input/competitions/aptos2019-blindness-detection/train_images/38f1901f214a.png
10eefba568dd,2,/kaggle/input/competitions/aptos2019-blindness-detection/train_images/10eefba568dd.png
cd1c98ec48b1,0,/kaggle/input/competitions/aptos2019-blindness-detection/train_images/cd1c98ec48b1.png
01f7bb8be950,0,/kaggle/input/competitions/aptos2019-blindness-detection/train_images/01f7bb8be950.png
57a5f1015504,2,/kaggle/input/competitions/aptos2019-blindness-detection/train_images/57a5f1015504.png
2f4e81787d9b,1,/kaggle/input/competitions/aptos2019-blindness-detection/train_images/2f4e81787d9b.png
d9ad2a0ec026,0,/kaggle/input/competitions/aptos2019-blindness-detection/train_images/d9ad2a0ec026.png
1a0dbc6c0cda,0,/kaggle/input/competitions/aptos2019-blindness-detection/train_images/1a0dbc6c0cda.png
ac1667fac512,0,/kaggle/input/competitions/aptos2019-blindness-detection/train_images/ac1667fac512.png
c56e65f74187,1,/kaggle/input/competitions/aptos2019-blindness-detection/train_images/c56e65f74187.png
76cb010f7aa0,0,/kaggle/input/competitions/aptos2019-blindness-detection/train_images/76cb010f7aa0.png
27fca9f12b3c,2,/kaggle/input/competitions/aptos2019-blindness-detection/train_images/27fca9f12b3c.png
07f5d7baf907,0,/kaggle/input/competitions/aptos2019-blindness-detection/train_images/07f5d7baf907.png
5d9c841eb245,0,/kaggle/input/competitions/aptos2019-blindness-detection/train_images/5d9c841eb245.png
e0313be77035,0,/kaggle/input/competitions/aptos2019-blindness-detection/train_images/e0313be77035.png
cfed7c1172ec,0,/kaggle/input/competitions/aptos2019-blindness-detection/train_images/cfed7c1172ec.png
a81b06f50612,4,/kaggle/input/competitions/aptos2019-blindness-detection/train_images/a81b06f50612.png
6dc0281f11e3,0,/kaggle/input/competitions/aptos2019-blindness-detection/train_images/6dc0281f11e3.png
8a8a251770cd,0,/kaggle/input/competitions/aptos2019-blindness-detection/train_images/8a8a251770cd.png
90c982cc2d96,1,/kaggle/input/competitions/aptos2019-blindness-detection/train_images/90c982cc2d96.png
e4dcca36ceb4,0,/kaggle/input/competitions/aptos2019-blindness-detection/train_images/e4dcca36ceb4.png
c3b15bf9b4bc,0,/kaggle/input/competitions/aptos2019-blindness-detection/train_images/c3b15bf9b4bc.png
1ca62b3e4fd3,0,/kaggle/input/competitions/aptos2019-blindness-detection/train_images/1ca62b3e4fd3.png
b8dab47a260e,0,/kaggle/input/competitions/aptos2019-blindness-detection/train_images/b8dab47a260e.png
13ab8db8c700,1,/kaggle/input/competitions/aptos2019-blindness-detection/train_images/13ab8db8c700.png
65a3b13ad9a0,0,/kaggle/input/competitions/aptos2019-blindness-detection/train_images/65a3b13ad9a0.png
1b8701231c8f,0,/kaggle/input/competitions/aptos2019-blindness-detection/train_images/1b8701231c8f.png
253e96488cfb,0,/kaggle/input/competitions/aptos2019-blindness-detection/train_images/253e96488cfb.png
6028a575dc27,1,/kaggle/input/competitions/aptos2019-blindness-detection/train_images/6028a575dc27.png
ae61e19fb766,0,/kaggle/input/competitions/aptos2019-blindness-detection/train_images/ae61e19fb766.png
b835b6e31a59,0,/kaggle/input/competitions/aptos2019-blindness-detection/train_images/b835b6e31a59.png
87a9f4d20f07,0,/kaggle/input/competitions/aptos2019-blindness-detection/train_images/87a9f4d20f07.png
58b866484a05,4,/kaggle/input/competitions/aptos2019-blindness-detection/train_images/58b866484a05.png
e966850247f4,0,/kaggle/input/competitions/aptos2019-blindness-detection/train_images/e966850247f4.png
1bf30c84bbad,4,/kaggle/input/competitions/aptos2019-blindness-detection/train_images/1bf30c84bbad.png
c8823cdaf7fa,2,/kaggle/input/competitions/aptos2019-blindness-detection/train_images/c8823cdaf7fa.png
b2ffa3e18559,3,/kaggle/input/competitions/aptos2019-blindness-detection/train_images/b2ffa3e18559.png
b90bc89ce8d8,4,/kaggle/input/competitions/aptos2019-blindness-detection/train_images/b90bc89ce8d8.png
ebf4b22240f4,0,/kaggle/input/competitions/aptos2019-blindness-detection/train_images/ebf4b22240f4.png
f62b8a076833,0,/kaggle/input/competitions/aptos2019-blindness-detection/train_images/f62b8a076833.png
2ef955d6d9ff,0,/kaggle/input/competitions/aptos2019-blindness-detection/train_images/2ef955d6d9ff.png
8fd7ad26e691,4,/kaggle/input/competitions/aptos2019-blindness-detection/train_images/8fd7ad26e691.png
cd941e5bc659,0,/kaggle/input/competitions/aptos2019-blindness-detection/train_images/cd941e5bc659.png
bff51afc76d4,0,/kaggle/input/competitions/aptos2019-blindness-detection/train_images/bff51afc76d4.png
999ad827ed35,0,/kaggle/input/competitions/aptos2019-blindness-detection/train_images/999ad827ed35.png
bf87aedf2489,0,/kaggle/input/competitions/aptos2019-blindness-detection/train_images/bf87aedf2489.png
f3a268d2726d,2,/kaggle/input/competitions/aptos2019-blindness-detection/train_images/f3a268d2726d.png
4c3c1ed09771,1,/kaggle/input/competitions/aptos2019-blindness-detection/train_images/4c3c1ed09771.png
0519b934f6b1,2,/kaggle/input/competitions/aptos2019-blindness-detection/train_images/0519b934f6b1.png
2b074afdf626,2,/kaggle/input/competitions/aptos2019-blindness-detection/train_images/2b074afdf626.png
5879285f9d8d,1,/kaggle/input/competitions/aptos2019-blindness-detection/train_images/5879285f9d8d.png
58184d6fd087,1,/kaggle/input/competitions/aptos2019-blindness-detection/train_images/58184d6fd087.png
291f581d365e,0,/kaggle/input/competitions/aptos2019-blindness-detection/train_images/291f581d365e.png
02685f13cefd,4,/kaggle/input/competitions/aptos2019-blindness-detection/train_images/02685f13cefd.png
aa6242f9e08c,0,/kaggle/input/competitions/aptos2019-blindness-detection/train_images/aa6242f9e08c.png
f58f0b2fd718,0,/kaggle/input/competitions/aptos2019-blindness-detection/train_images/f58f0b2fd718.png
f71bea807c96,0,/kaggle/input/competitions/aptos2019-blindness-detection/train_images/f71bea807c96.png
8a67f1efa315,2,/kaggle/input/competitions/aptos2019-blindness-detection/train_images/8a67f1efa315.png
022f820027b8,0,/kaggle/input/competitions/aptos2019-blindness-detection/train_images/022f820027b8.png
e55188915f9d,1,/kaggle/input/competitions/aptos2019-blindness-detection/train_images/e55188915f9d.png
541db13517e2,2,/kaggle/input/competitions/aptos2019-blindness-detection/train_images/541db13517e2.png
58eb3809f456,0,/kaggle/input/competitions/aptos2019-blindness-detection/train_images/58eb3809f456.png
f3b6b7ca1eb1,2,/kaggle/input/competitions/aptos2019-blindness-detection/train_images/f3b6b7ca1eb1.png
a06a63d866b2,0,/kaggle/input/competitions/aptos2019-blindness-detection/train_images/a06a63d866b2.png
0f6e645466a2,0,/kaggle/input/competitions/aptos2019-blindness-detection/train_images/0f6e645466a2.png
3218a6d8eb2c,3,/kaggle/input/competitions/aptos2019-blindness-detection/train_images/3218a6d8eb2c.png
d160ebef4117,0,/kaggle/input/competitions/aptos2019-blindness-detection/train_images/d160ebef4117.png
498f143c0374,3,/kaggle/input/competitions/aptos2019-blindness-detection/train_images/498f143c0374.png
8a482c024fc2,0,/kaggle/input/competitions/aptos2019-blindness-detection/train_images/8a482c024fc2.png
9122b31414d3,0,/kaggle/input/competitions/aptos2019-blindness-detection/train_images/9122b31414d3.png
a2696f444ecb,1,/kaggle/input/competitions/aptos2019-blindness-detection/train_images/a2696f444ecb.png
c446985355f1,0,/kaggle/input/competitions/aptos2019-blindness-detection/train_images/c446985355f1.png
13d71389563f,2,/kaggle/input/competitions/aptos2019-blindness-detection/train_images/13d71389563f.png
370f575adb23,0,/kaggle/input/competitions/aptos2019-blindness-detection/train_images/370f575adb23.png
5d5b5da5f939,0,/kaggle/input/competitions/aptos2019-blindness-detection/train_images/5d5b5da5f939.png
7bc4dd99eee5,4,/kaggle/input/competitions/aptos2019-blindness-detection/train_images/7bc4dd99eee5.png
05339950962e,0,/kaggle/input/competitions/aptos2019-blindness-detection/train_images/05339950962e.png
51da6aebba8f,3,/kaggle/input/competitions/aptos2019-blindness-detection/train_images/51da6aebba8f.png
90a9a41eec6d,0,/kaggle/input/competitions/aptos2019-blindness-detection/train_images/90a9a41eec6d.png
dad71ba27a9b,4,/kaggle/input/competitions/aptos2019-blindness-detection/train_images/dad71ba27a9b.png
11d8e5eaee5b,0,/kaggle/input/competitions/aptos2019-blindness-detection/train_images/11d8e5eaee5b.png
1c0e5dd1b14c,2,/kaggle/input/competitions/aptos2019-blindness-detection/train_images/1c0e5dd1b14c.png
415f2d2bd2a1,0,/kaggle/input/competitions/aptos2019-blindness-detection/train_images/415f2d2bd2a1.png
fc1b1841eadf,2,/kaggle/input/competitions/aptos2019-blindness-detection/train_images/fc1b1841eadf.png
4e231670b48c,0,/kaggle/input/competitions/aptos2019-blindness-detection/train_images/4e231670b48c.png
9a78c6a7b1c2,2,/kaggle/input/competitions/aptos2019-blindness-detection/train_images/9a78c6a7b1c2.png
093cf723fede,0,/kaggle/input/competitions/aptos2019-blindness-detection/train_images/093cf723fede.png
18323d8f2470,2,/kaggle/input/competitions/aptos2019-blindness-detection/train_images/18323d8f2470.png
0c43c79e8cfb,0,/kaggle/input/competitions/aptos2019-blindness-detection/train_images/0c43c79e8cfb.png
f0a2dc580009,0,/kaggle/input/competitions/aptos2019-blindness-detection/train_images/f0a2dc580009.png
df9cb3729eb1,0,/kaggle/input/competitions/aptos2019-blindness-detection/train_images/df9cb3729eb1.png
959dc602febc,2,/kaggle/input/competitions/aptos2019-blindness-detection/train_images/959dc602febc.png
4145dcb25053,0,/kaggle/input/competitions/aptos2019-blindness-detection/train_images/4145dcb25053.png
beb2ad14fd2d,0,/kaggle/input/competitions/aptos2019-blindness-detection/train_images/beb2ad14fd2d.png
f633c474e8b8,0,/kaggle/input/competitions/aptos2019-blindness-detection/train_images/f633c474e8b8.png
ff77e8e5b5f3,2,/kaggle/input/competitions/aptos2019-blindness-detection/train_images/ff77e8e5b5f3.png
ee6e39319b39,2,/kaggle/input/competitions/aptos2019-blindness-detection/train_images/ee6e39319b39.png
e06d3d4733f0,2,/kaggle/input/competitions/aptos2019-blindness-detection/train_images/e06d3d4733f0.png
0083ee8054ee,4,/kaggle/input/competitions/aptos2019-blindness-detection/train_images/0083ee8054ee.png
4f5dd7660b17,0,/kaggle/input/competitions/aptos2019-blindness-detection/train_images/4f5dd7660b17.png
65e530ee2e79,2,/kaggle/input/competitions/aptos2019-blindness-detection/train_images/65e530ee2e79.png
d7a01fca9838,0,/kaggle/input/competitions/aptos2019-blindness-detection/train_images/d7a01fca9838.png
996f57c86ba5,3,/kaggle/input/competitions/aptos2019-blindness-detection/train_images/996f57c86ba5.png
8e2a3978c244,0,/kaggle/input/competitions/aptos2019-blindness-detection/train_images/8e2a3978c244.png
b549af91bd30,0,/kaggle/input/competitions/aptos2019-blindness-detection/train_images/b549af91bd30.png
80b5697f2a5e,0,/kaggle/input/competitions/aptos2019-blindness-detection/train_images/80b5697f2a5e.png
51aa3361294c,0,/kaggle/input/competitions/aptos2019-blindness-detection/train_images/51aa3361294c.png
7d261f986bef,2,/kaggle/input/competitions/aptos2019-blindness-detection/train_images/7d261f986bef.png
74eee788edee,3,/kaggle/input/competitions/aptos2019-blindness-detection/train_images/74eee788edee.png
3710ff45299c,0,/kaggle/input/competitions/aptos2019-blindness-detection/train_images/3710ff45299c.png
96b5474ae604,0,/kaggle/input/competitions/aptos2019-blindness-detection/train_images/96b5474ae604.png
a8652b2de23f,2,/kaggle/input/competitions/aptos2019-blindness-detection/train_images/a8652b2de23f.png
de4cdabbce6d,0,/kaggle/input/competitions/aptos2019-blindness-detection/train_images/de4cdabbce6d.png
7ccf9d25dc48,0,/kaggle/input/competitions/aptos2019-blindness-detection/train_images/7ccf9d25dc48.png
a5c9a8c726b2,4,/kaggle/input/competitions/aptos2019-blindness-detection/train_images/a5c9a8c726b2.png
5d6239c0fd39,0,/kaggle/input/competitions/aptos2019-blindness-detection/train_images/5d6239c0fd39.png
ad2f0b9d059c,3,/kaggle/input/competitions/aptos2019-blindness-detection/train_images/ad2f0b9d059c.png
d968a983d4d2,2,/kaggle/input/competitions/aptos2019-blindness-detection/train_images/d968a983d4d2.png
f2ee81781411,2,/kaggle/input/competitions/aptos2019-blindness-detection/train_images/f2ee81781411.png
178412895d5e,0,/kaggle/input/competitions/aptos2019-blindness-detection/train_images/178412895d5e.png
531b39880c32,1,/kaggle/input/competitions/aptos2019-blindness-detection/train_images/531b39880c32.png
1f9ccda4ddf2,0,/kaggle/input/competitions/aptos2019-blindness-detection/train_images/1f9ccda4ddf2.png
6ea07d19b4ce,1,/kaggle/input/competitions/aptos2019-blindness-detection/train_images/6ea07d19b4ce.png
8a7765e785fb,0,/kaggle/input/competitions/aptos2019-blindness-detection/train_images/8a7765e785fb.png
ea68b58a6e8f,0,/kaggle/input/competitions/aptos2019-blindness-detection/train_images/ea68b58a6e8f.png
71f6a6e4620a,1,/kaggle/input/competitions/aptos2019-blindness-detection/train_images/71f6a6e4620a.png
b294927b14b0,0,/kaggle/input/competitions/aptos2019-blindness-detection/train_images/b294927b14b0.png
2d04cead4d3a,0,/kaggle/input/competitions/aptos2019-blindness-detection/train_images/2d04cead4d3a.png
9c14ce27cbfc,0,/kaggle/input/competitions/aptos2019-blindness-detection/train_images/9c14ce27cbfc.png
3ce2f8a77a32,0,/kaggle/input/competitions/aptos2019-blindness-detection/train_images/3ce2f8a77a32.png
cca626a0e19a,2,/kaggle/input/competitions/aptos2019-blindness-detection/train_images/cca626a0e19a.png
be197b663520,0,/kaggle/input/competitions/aptos2019-blindness-detection/train_images/be197b663520.png
7c52fe73e748,2,/kaggle/input/competitions/aptos2019-blindness-detection/train_images/7c52fe73e748.png
7ccb267fd394,1,/kaggle/input/competitions/aptos2019-blindness-detection/train_images/7ccb267fd394.png
b351ae99413a,0,/kaggle/input/competitions/aptos2019-blindness-detection/train_images/b351ae99413a.png
e29e54ff921e,0,/kaggle/input/competitions/aptos2019-blindness-detection/train_images/e29e54ff921e.png
da9262d9f5d9,0,/kaggle/input/competitions/aptos2019-blindness-detection/train_images/da9262d9f5d9.png
a64273801bde,2,/kaggle/input/competitions/aptos2019-blindness-detection/train_images/a64273801bde.png
a963ac561580,0,/kaggle/input/competitions/aptos2019-blindness-detection/train_images/a963ac561580.png
b16dd4483ca5,0,/kaggle/input/competitions/aptos2019-blindness-detection/train_images/b16dd4483ca5.png
0fcfc6301f3d,2,/kaggle/input/competitions/aptos2019-blindness-detection/train_images/0fcfc6301f3d.png
9c6512166557,0,/kaggle/input/competitions/aptos2019-blindness-detection/train_images/9c6512166557.png
247ac63e5510,4,/kaggle/input/competitions/aptos2019-blindness-detection/train_images/247ac63e5510.png
fd0a70082e7c,0,/kaggle/input/competitions/aptos2019-blindness-detection/train_images/fd0a70082e7c.png
1ae8c165fd53,2,/kaggle/input/competitions/aptos2019-blindness-detection/train_images/1ae8c165fd53.png
7635921c5efb,0,/kaggle/input/competitions/aptos2019-blindness-detection/train_images/7635921c5efb.png
4393c5bc576a,1,/kaggle/input/competitions/aptos2019-blindness-detection/train_images/4393c5bc576a.png
912fbe06407e,0,/kaggle/input/competitions/aptos2019-blindness-detection/train_images/912fbe06407e.png
d8cdb7d7283a,2,/kaggle/input/competitions/aptos2019-blindness-detection/train_images/d8cdb7d7283a.png
a95d9d61ddd4,0,/kaggle/input/competitions/aptos2019-blindness-detection/train_images/a95d9d61ddd4.png
4fd5ec0dca09,0,/kaggle/input/competitions/aptos2019-blindness-detection/train_images/4fd5ec0dca09.png
4b618537d52f,3,/kaggle/input/competitions/aptos2019-blindness-detection/train_images/4b618537d52f.png
70f5caf5f305,2,/kaggle/input/competitions/aptos2019-blindness-detection/train_images/70f5caf5f305.png
1c3a6b4449e9,1,/kaggle/input/competitions/aptos2019-blindness-detection/train_images/1c3a6b4449e9.png
12ce6a1a1f31,1,/kaggle/input/competitions/aptos2019-blindness-detection/train_images/12ce6a1a1f31.png
a0fd94e2ad76,0,/kaggle/input/competitions/aptos2019-blindness-detection/train_images/a0fd94e2ad76.png
14515b8f19b6,2,/kaggle/input/competitions/aptos2019-blindness-detection/train_images/14515b8f19b6.png
657859f893d9,2,/kaggle/input/competitions/aptos2019-blindness-detection/train_images/657859f893d9.png
ca7f5caddf96,2,/kaggle/input/competitions/aptos2019-blindness-detection/train_images/ca7f5caddf96.png
fb88d23fc5fe,0,/kaggle/input/competitions/aptos2019-blindness-detection/train_images/fb88d23fc5fe.png
d6df4fe492ec,0,/kaggle/input/competitions/aptos2019-blindness-detection/train_images/d6df4fe492ec.png
7356dd08b0ae,2,/kaggle/input/competitions/aptos2019-blindness-detection/train_images/7356dd08b0ae.png
a8c9fcdbc0be,0,/kaggle/input/competitions/aptos2019-blindness-detection/train_images/a8c9fcdbc0be.png
da6bbb76d562,0,/kaggle/input/competitions/aptos2019-blindness-detection/train_images/da6bbb76d562.png
a3475dc3ac80,2,/kaggle/input/competitions/aptos2019-blindness-detection/train_images/a3475dc3ac80.png
207dd0487264,0,/kaggle/input/competitions/aptos2019-blindness-detection/train_images/207dd0487264.png
4e4a6224a04e,0,/kaggle/input/competitions/aptos2019-blindness-detection/train_images/4e4a6224a04e.png
4350a1b2f3cb,0,/kaggle/input/competitions/aptos2019-blindness-detection/train_images/4350a1b2f3cb.png
dbee04ae6426,2,/kaggle/input/competitions/aptos2019-blindness-detection/train_images/dbee04ae6426.png
a3ad6c2db6f1,1,/kaggle/input/competitions/aptos2019-blindness-detection/train_images/a3ad6c2db6f1.png
92587e494d51,0,/kaggle/input/competitions/aptos2019-blindness-detection/train_images/92587e494d51.png
a76b69e443ce,4,/kaggle/input/competitions/aptos2019-blindness-detection/train_images/a76b69e443ce.png
1df0431bfa73,0,/kaggle/input/competitions/aptos2019-blindness-detection/train_images/1df0431bfa73.png
beb00fa6e7c9,0,/kaggle/input/competitions/aptos2019-blindness-detection/train_images/beb00fa6e7c9.png
d3be5346684b,2,/kaggle/input/competitions/aptos2019-blindness-detection/train_images/d3be5346684b.png
d1cf31577a59,0,/kaggle/input/competitions/aptos2019-blindness-detection/train_images/d1cf31577a59.png
bd500a73beae,0,/kaggle/input/competitions/aptos2019-blindness-detection/train_images/bd500a73beae.png
01eb826f6467,2,/kaggle/input/competitions/aptos2019-blindness-detection/train_images/01eb826f6467.png
103abbd8b63e,0,/kaggle/input/competitions/aptos2019-blindness-detection/train_images/103abbd8b63e.png
454a944eb557,0,/kaggle/input/competitions/aptos2019-blindness-detection/train_images/454a944eb557.png
1d29cb2f4296,0,/kaggle/input/competitions/aptos2019-blindness-detection/train_images/1d29cb2f4296.png
43f22d1be8dd,0,/kaggle/input/competitions/aptos2019-blindness-detection/train_images/43f22d1be8dd.png
0f495d87656a,1,/kaggle/input/competitions/aptos2019-blindness-detection/train_images/0f495d87656a.png
09935d72892b,1,/kaggle/input/competitions/aptos2019-blindness-detection/train_images/09935d72892b.png
7ea756985353,1,/kaggle/input/competitions/aptos2019-blindness-detection/train_images/7ea756985353.png
d4bc001f7224,0,/kaggle/input/competitions/aptos2019-blindness-detection/train_images/d4bc001f7224.png
08c17a2d95b7,2,/kaggle/input/competitions/aptos2019-blindness-detection/train_images/08c17a2d95b7.png
e04f3c6619a3,0,/kaggle/input/competitions/aptos2019-blindness-detection/train_images/e04f3c6619a3.png
0b3efe669365,0,/kaggle/input/competitions/aptos2019-blindness-detection/train_images/0b3efe669365.png
436e1793d240,2,/kaggle/input/competitions/aptos2019-blindness-detection/train_images/436e1793d240.png
c56293f53191,0,/kaggle/input/competitions/aptos2019-blindness-detection/train_images/c56293f53191.png
b2b79b37d314,0,/kaggle/input/competitions/aptos2019-blindness-detection/train_images/b2b79b37d314.png
115e42dd6a81,2,/kaggle/input/competitions/aptos2019-blindness-detection/train_images/115e42dd6a81.png
3402124408ea,2,/kaggle/input/competitions/aptos2019-blindness-detection/train_images/3402124408ea.png
0b64a0a06f9a,0,/kaggle/input/competitions/aptos2019-blindness-detection/train_images/0b64a0a06f9a.png
069f43616fab,3,/kaggle/input/competitions/aptos2019-blindness-detection/train_images/069f43616fab.png
bcb0498ed2c1,0,/kaggle/input/competitions/aptos2019-blindness-detection/train_images/bcb0498ed2c1.png
5db895d3f1fc,0,/kaggle/input/competitions/aptos2019-blindness-detection/train_images/5db895d3f1fc.png
c5b58cc992af,0,/kaggle/input/competitions/aptos2019-blindness-detection/train_images/c5b58cc992af.png
bf18ff30a8f6,1,/kaggle/input/competitions/aptos2019-blindness-detection/train_images/bf18ff30a8f6.png
1ca35d483772,0,/kaggle/input/competitions/aptos2019-blindness-detection/train_images/1ca35d483772.png
cb75210abebe,2,/kaggle/input/competitions/aptos2019-blindness-detection/train_images/cb75210abebe.png
8ee50c26fc13,0,/kaggle/input/competitions/aptos2019-blindness-detection/train_images/8ee50c26fc13.png
3b4a5fcbe5e0,4,/kaggle/input/competitions/aptos2019-blindness-detection/train_images/3b4a5fcbe5e0.png
767d777ee889,0,/kaggle/input/competitions/aptos2019-blindness-detection/train_images/767d777ee889.png
ed6bd9293a89,0,/kaggle/input/competitions/aptos2019-blindness-detection/train_images/ed6bd9293a89.png
c1ebe785503a,1,/kaggle/input/competitions/aptos2019-blindness-detection/train_images/c1ebe785503a.png
47536db39f00,0,/kaggle/input/competitions/aptos2019-blindness-detection/train_images/47536db39f00.png
ef476be214d4,0,/kaggle/input/competitions/aptos2019-blindness-detection/train_images/ef476be214d4.png
ba0107fb1bfd,0,/kaggle/input/competitions/aptos2019-blindness-detection/train_images/ba0107fb1bfd.png
e4a44f9158dc,0,/kaggle/input/competitions/aptos2019-blindness-detection/train_images/e4a44f9158dc.png
76e5b50f95a7,0,/kaggle/input/competitions/aptos2019-blindness-detection/train_images/76e5b50f95a7.png
c4aef0d88d1b,0,/kaggle/input/competitions/aptos2019-blindness-detection/train_images/c4aef0d88d1b.png
d15ca3469b87,2,/kaggle/input/competitions/aptos2019-blindness-detection/train_images/d15ca3469b87.png
6bf26b777e3a,0,/kaggle/input/competitions/aptos2019-blindness-detection/train_images/6bf26b777e3a.png
eb32a815f78c,2,/kaggle/input/competitions/aptos2019-blindness-detection/train_images/eb32a815f78c.png
d4be0403e6ab,2,/kaggle/input/competitions/aptos2019-blindness-detection/train_images/d4be0403e6ab.png
76e589911303,1,/kaggle/input/competitions/aptos2019-blindness-detection/train_images/76e589911303.png
f90f8931a9bc,0,/kaggle/input/competitions/aptos2019-blindness-detection/train_images/f90f8931a9bc.png
7f2123bc89a3,0,/kaggle/input/competitions/aptos2019-blindness-detection/train_images/7f2123bc89a3.png
f09fd9433dff,0,/kaggle/input/competitions/aptos2019-blindness-detection/train_images/f09fd9433dff.png
5995321563b7,0,/kaggle/input/competitions/aptos2019-blindness-detection/train_images/5995321563b7.png
9b0eb9f41da4,2,/kaggle/input/competitions/aptos2019-blindness-detection/train_images/9b0eb9f41da4.png
d9c9b9786da3,0,/kaggle/input/competitions/aptos2019-blindness-detection/train_images/d9c9b9786da3.png
359bab5d784b,0,/kaggle/input/competitions/aptos2019-blindness-detection/train_images/359bab5d784b.png
3286073a976e,0,/kaggle/input/competitions/aptos2019-blindness-detection/train_images/3286073a976e.png
c98f623d08d1,0,/kaggle/input/competitions/aptos2019-blindness-detection/train_images/c98f623d08d1.png
bc8c6a778cde,0,/kaggle/input/competitions/aptos2019-blindness-detection/train_images/bc8c6a778cde.png
e251bdf05b85,0,/kaggle/input/competitions/aptos2019-blindness-detection/train_images/e251bdf05b85.png
ac81fc200162,0,/kaggle/input/competitions/aptos2019-blindness-detection/train_images/ac81fc200162.png
fd62bd0db4f1,1,/kaggle/input/competitions/aptos2019-blindness-detection/train_images/fd62bd0db4f1.png
d2dc86021c67,0,/kaggle/input/competitions/aptos2019-blindness-detection/train_images/d2dc86021c67.png
4b5ffea77373,2,/kaggle/input/competitions/aptos2019-blindness-detection/train_images/4b5ffea77373.png
19b0e3c734f5,0,/kaggle/input/competitions/aptos2019-blindness-detection/train_images/19b0e3c734f5.png
8c7c26c52a6c,4,/kaggle/input/competitions/aptos2019-blindness-detection/train_images/8c7c26c52a6c.png
51269b77d312,3,/kaggle/input/competitions/aptos2019-blindness-detection/train_images/51269b77d312.png
4318b6adeb97,0,/kaggle/input/competitions/aptos2019-blindness-detection/train_images/4318b6adeb97.png
8ac0c44bbf24,4,/kaggle/input/competitions/aptos2019-blindness-detection/train_images/8ac0c44bbf24.png
d3de0d313d61,1,/kaggle/input/competitions/aptos2019-blindness-detection/train_images/d3de0d313d61.png
96a9706b8534,1,/kaggle/input/competitions/aptos2019-blindness-detection/train_images/96a9706b8534.png
7da558d92100,0,/kaggle/input/competitions/aptos2019-blindness-detection/train_images/7da558d92100.png
0415fc68b176,2,/kaggle/input/competitions/aptos2019-blindness-detection/train_images/0415fc68b176.png
1d14dd912671,2,/kaggle/input/competitions/aptos2019-blindness-detection/train_images/1d14dd912671.png
76cab26493f1,0,/kaggle/input/competitions/aptos2019-blindness-detection/train_images/76cab26493f1.png
a9dc80cba9a4,0,/kaggle/input/competitions/aptos2019-blindness-detection/train_images/a9dc80cba9a4.png
a93f1ea3ff4a,2,/kaggle/input/competitions/aptos2019-blindness-detection/train_images/a93f1ea3ff4a.png
8d4d14a4ab07,0,/kaggle/input/competitions/aptos2019-blindness-detection/train_images/8d4d14a4ab07.png
5b72ff04333d,1,/kaggle/input/competitions/aptos2019-blindness-detection/train_images/5b72ff04333d.png
6efa36d59ada,3,/kaggle/input/competitions/aptos2019-blindness-detection/train_images/6efa36d59ada.png
4e43d05cc2ef,2,/kaggle/input/competitions/aptos2019-blindness-detection/train_images/4e43d05cc2ef.png
5b068765e846,1,/kaggle/input/competitions/aptos2019-blindness-detection/train_images/5b068765e846.png
310c27067ac0,2,/kaggle/input/competitions/aptos2019-blindness-detection/train_images/310c27067ac0.png
d7ac4a0c9760,0,/kaggle/input/competitions/aptos2019-blindness-detection/train_images/d7ac4a0c9760.png
84b4da14bc23,0,/kaggle/input/competitions/aptos2019-blindness-detection/train_images/84b4da14bc23.png
ffcf7b45f213,2,/kaggle/input/competitions/aptos2019-blindness-detection/train_images/ffcf7b45f213.png
3c326543fff6,0,/kaggle/input/competitions/aptos2019-blindness-detection/train_images/3c326543fff6.png
501c319f7a9f,0,/kaggle/input/competitions/aptos2019-blindness-detection/train_images/501c319f7a9f.png
41ab357d103f,0,/kaggle/input/competitions/aptos2019-blindness-detection/train_images/41ab357d103f.png
77ab222bf85c,0,/kaggle/input/competitions/aptos2019-blindness-detection/train_images/77ab222bf85c.png
851e40a21f81,0,/kaggle/input/competitions/aptos2019-blindness-detection/train_images/851e40a21f81.png
4ad8d3ec8789,0,/kaggle/input/competitions/aptos2019-blindness-detection/train_images/4ad8d3ec8789.png
23fca0693e2a,2,/kaggle/input/competitions/aptos2019-blindness-detection/train_images/23fca0693e2a.png
51e656e5a541,0,/kaggle/input/competitions/aptos2019-blindness-detection/train_images/51e656e5a541.png
187f6ccda87a,4,/kaggle/input/competitions/aptos2019-blindness-detection/train_images/187f6ccda87a.png
6af071b0ac6e,0,/kaggle/input/competitions/aptos2019-blindness-detection/train_images/6af071b0ac6e.png
08ee569d4721,0,/kaggle/input/competitions/aptos2019-blindness-detection/train_images/08ee569d4721.png
06586082a24d,0,/kaggle/input/competitions/aptos2019-blindness-detection/train_images/06586082a24d.png
b43440c6ebe4,0,/kaggle/input/competitions/aptos2019-blindness-detection/train_images/b43440c6ebe4.png
7877be80901c,2,/kaggle/input/competitions/aptos2019-blindness-detection/train_images/7877be80901c.png
840527bc6628,2,/kaggle/input/competitions/aptos2019-blindness-detection/train_images/840527bc6628.png
ae8472f8d310,1,/kaggle/input/competitions/aptos2019-blindness-detection/train_images/ae8472f8d310.png
3fd7df6099e3,2,/kaggle/input/competitions/aptos2019-blindness-detection/train_images/3fd7df6099e3.png
7c2f820a6425,2,/kaggle/input/competitions/aptos2019-blindness-detection/train_images/7c2f820a6425.png
0c7e82daf5a0,2,/kaggle/input/competitions/aptos2019-blindness-detection/train_images/0c7e82daf5a0.png
6ba5ed791444,2,/kaggle/input/competitions/aptos2019-blindness-detection/train_images/6ba5ed791444.png
8c84e96d9b01,0,/kaggle/input/competitions/aptos2019-blindness-detection/train_images/8c84e96d9b01.png
5299a532f0e0,0,/kaggle/input/competitions/aptos2019-blindness-detection/train_images/5299a532f0e0.png
7e160c8b611e,3,/kaggle/input/competitions/aptos2019-blindness-detection/train_images/7e160c8b611e.png
ee02294cc3d9,2,/kaggle/input/competitions/aptos2019-blindness-detection/train_images/ee02294cc3d9.png
c613db1cab27,2,/kaggle/input/competitions/aptos2019-blindness-detection/train_images/c613db1cab27.png
3c28fd846b43,0,/kaggle/input/competitions/aptos2019-blindness-detection/train_images/3c28fd846b43.png
3601dac9bed7,0,/kaggle/input/competitions/aptos2019-blindness-detection/train_images/3601dac9bed7.png
fa6f3d8bb1d5,0,/kaggle/input/competitions/aptos2019-blindness-detection/train_images/fa6f3d8bb1d5.png
4289af3afbd2,2,/kaggle/input/competitions/aptos2019-blindness-detection/train_images/4289af3afbd2.png
7c2e852171c0,0,/kaggle/input/competitions/aptos2019-blindness-detection/train_images/7c2e852171c0.png
d94e10f42861,2,/kaggle/input/competitions/aptos2019-blindness-detection/train_images/d94e10f42861.png
d5c63a8d9e94,0,/kaggle/input/competitions/aptos2019-blindness-detection/train_images/d5c63a8d9e94.png
150fc7127582,0,/kaggle/input/competitions/aptos2019-blindness-detection/train_images/150fc7127582.png
a21b37719f9b,2,/kaggle/input/competitions/aptos2019-blindness-detection/train_images/a21b37719f9b.png
ae1344610ebe,2,/kaggle/input/competitions/aptos2019-blindness-detection/train_images/ae1344610ebe.png
f5a8c6426a71,3,/kaggle/input/competitions/aptos2019-blindness-detection/train_images/f5a8c6426a71.png
8f2996b8d855,1,/kaggle/input/competitions/aptos2019-blindness-detection/train_images/8f2996b8d855.png
166068a24416,3,/kaggle/input/competitions/aptos2019-blindness-detection/train_images/166068a24416.png
4704dbb59536,0,/kaggle/input/competitions/aptos2019-blindness-detection/train_images/4704dbb59536.png
8c0d05233238,3,/kaggle/input/competitions/aptos2019-blindness-detection/train_images/8c0d05233238.png
71e4130bf5c8,2,/kaggle/input/competitions/aptos2019-blindness-detection/train_images/71e4130bf5c8.png
879744b9dc65,2,/kaggle/input/competitions/aptos2019-blindness-detection/train_images/879744b9dc65.png
86fbac86ed3e,2,/kaggle/input/competitions/aptos2019-blindness-detection/train_images/86fbac86ed3e.png
29a13e666266,0,/kaggle/input/competitions/aptos2019-blindness-detection/train_images/29a13e666266.png
c7e827fc7f41,2,/kaggle/input/competitions/aptos2019-blindness-detection/train_images/c7e827fc7f41.png
780f9c237c56,0,/kaggle/input/competitions/aptos2019-blindness-detection/train_images/780f9c237c56.png
5f6db235c04d,0,/kaggle/input/competitions/aptos2019-blindness-detection/train_images/5f6db235c04d.png
e83d315d8f98,2,/kaggle/input/competitions/aptos2019-blindness-detection/train_images/e83d315d8f98.png
3e3a3955b9c5,3,/kaggle/input/competitions/aptos2019-blindness-detection/train_images/3e3a3955b9c5.png
8e20b8fac7c3,2,/kaggle/input/competitions/aptos2019-blindness-detection/train_images/8e20b8fac7c3.png
b1b3e7d0a5f3,4,/kaggle/input/competitions/aptos2019-blindness-detection/train_images/b1b3e7d0a5f3.png
b0b3b16fc305,0,/kaggle/input/competitions/aptos2019-blindness-detection/train_images/b0b3b16fc305.png
2b07790a2422,2,/kaggle/input/competitions/aptos2019-blindness-detection/train_images/2b07790a2422.png
876deb29f000,0,/kaggle/input/competitions/aptos2019-blindness-detection/train_images/876deb29f000.png
1002f3fe38f0,0,/kaggle/input/competitions/aptos2019-blindness-detection/train_images/1002f3fe38f0.png
1efa5d443707,4,/kaggle/input/competitions/aptos2019-blindness-detection/train_images/1efa5d443707.png
cfb17a7cc8d4,0,/kaggle/input/competitions/aptos2019-blindness-detection/train_images/cfb17a7cc8d4.png
9cedf5c7016b,2,/kaggle/input/competitions/aptos2019-blindness-detection/train_images/9cedf5c7016b.png
50f5201fd18a,0,/kaggle/input/competitions/aptos2019-blindness-detection/train_images/50f5201fd18a.png
da9fe02dead3,0,/kaggle/input/competitions/aptos2019-blindness-detection/train_images/da9fe02dead3.png
a32886cb31ab,1,/kaggle/input/competitions/aptos2019-blindness-detection/train_images/a32886cb31ab.png
08037e4490e5,0,/kaggle/input/competitions/aptos2019-blindness-detection/train_images/08037e4490e5.png
4bd5d0b30198,0,/kaggle/input/competitions/aptos2019-blindness-detection/train_images/4bd5d0b30198.png
1e4650743fa2,2,/kaggle/input/competitions/aptos2019-blindness-detection/train_images/1e4650743fa2.png
7214fc7cbe03,0,/kaggle/input/competitions/aptos2019-blindness-detection/train_images/7214fc7cbe03.png
cf0575534cec,1,/kaggle/input/competitions/aptos2019-blindness-detection/train_images/cf0575534cec.png
4e1e252317b5,0,/kaggle/input/competitions/aptos2019-blindness-detection/train_images/4e1e252317b5.png
97da093947e8,4,/kaggle/input/competitions/aptos2019-blindness-detection/train_images/97da093947e8.png
d1a24527a15d,4,/kaggle/input/competitions/aptos2019-blindness-detection/train_images/d1a24527a15d.png
d4f32b9c07df,1,/kaggle/input/competitions/aptos2019-blindness-detection/train_images/d4f32b9c07df.png
73881f55a3ec,1,/kaggle/input/competitions/aptos2019-blindness-detection/train_images/73881f55a3ec.png
94a67ec0714f,2,/kaggle/input/competitions/aptos2019-blindness-detection/train_images/94a67ec0714f.png
b10fca20c885,0,/kaggle/input/competitions/aptos2019-blindness-detection/train_images/b10fca20c885.png
ff4cd992667b,0,/kaggle/input/competitions/aptos2019-blindness-detection/train_images/ff4cd992667b.png
6733544ae7a6,2,/kaggle/input/competitions/aptos2019-blindness-detection/train_images/6733544ae7a6.png
5152bf091152,2,/kaggle/input/competitions/aptos2019-blindness-detection/train_images/5152bf091152.png
a7673ac44509,0,/kaggle/input/competitions/aptos2019-blindness-detection/train_images/a7673ac44509.png
24f3e70f0419,0,/kaggle/input/competitions/aptos2019-blindness-detection/train_images/24f3e70f0419.png
172df1330a60,1,/kaggle/input/competitions/aptos2019-blindness-detection/train_images/172df1330a60.png
a6d45de20e4d,4,/kaggle/input/competitions/aptos2019-blindness-detection/train_images/a6d45de20e4d.png
22a6da005395,1,/kaggle/input/competitions/aptos2019-blindness-detection/train_images/22a6da005395.png
a2ad3da4c7d6,2,/kaggle/input/competitions/aptos2019-blindness-detection/train_images/a2ad3da4c7d6.png
b9c7c5182075,0,/kaggle/input/competitions/aptos2019-blindness-detection/train_images/b9c7c5182075.png
fb696a8e055a,4,/kaggle/input/competitions/aptos2019-blindness-detection/train_images/fb696a8e055a.png
99e8bf998285,2,/kaggle/input/competitions/aptos2019-blindness-detection/train_images/99e8bf998285.png
91f3c4c1e72b,0,/kaggle/input/competitions/aptos2019-blindness-detection/train_images/91f3c4c1e72b.png
b8f1b30877db,2,/kaggle/input/competitions/aptos2019-blindness-detection/train_images/b8f1b30877db.png
30db694bee42,0,/kaggle/input/competitions/aptos2019-blindness-detection/train_images/30db694bee42.png
4cfd22ae43d4,0,/kaggle/input/competitions/aptos2019-blindness-detection/train_images/4cfd22ae43d4.png
7ba6b23c4b46,0,/kaggle/input/competitions/aptos2019-blindness-detection/train_images/7ba6b23c4b46.png
a015ce4f51ad,2,/kaggle/input/competitions/aptos2019-blindness-detection/train_images/a015ce4f51ad.png
799214e8b07c,0,/kaggle/input/competitions/aptos2019-blindness-detection/train_images/799214e8b07c.png
79540be95177,2,/kaggle/input/competitions/aptos2019-blindness-detection/train_images/79540be95177.png
e10190a9d52f,2,/kaggle/input/competitions/aptos2019-blindness-detection/train_images/e10190a9d52f.png
bfaa0080ab61,2,/kaggle/input/competitions/aptos2019-blindness-detection/train_images/bfaa0080ab61.png
8d62ba9cb22a,2,/kaggle/input/competitions/aptos2019-blindness-detection/train_images/8d62ba9cb22a.png
ae975c43bd8b,0,/kaggle/input/competitions/aptos2019-blindness-detection/train_images/ae975c43bd8b.png
9f1efb799b7b,2,/kaggle/input/competitions/aptos2019-blindness-detection/train_images/9f1efb799b7b.png
0bf37ca3156a,4,/kaggle/input/competitions/aptos2019-blindness-detection/train_images/0bf37ca3156a.png
467b7d9d811c,2,/kaggle/input/competitions/aptos2019-blindness-detection/train_images/467b7d9d811c.png
0ceb222f6629,4,/kaggle/input/competitions/aptos2019-blindness-detection/train_images/0ceb222f6629.png
9df31421cdd2,2,/kaggle/input/competitions/aptos2019-blindness-detection/train_images/9df31421cdd2.png
ae8424cdb029,2,/kaggle/input/competitions/aptos2019-blindness-detection/train_images/ae8424cdb029.png
9b418ce42c13,2,/kaggle/input/competitions/aptos2019-blindness-detection/train_images/9b418ce42c13.png
4158c340fa49,0,/kaggle/input/competitions/aptos2019-blindness-detection/train_images/4158c340fa49.png
937bc1b924b1,0,/kaggle/input/competitions/aptos2019-blindness-detection/train_images/937bc1b924b1.png
67844c46bc61,2,/kaggle/input/competitions/aptos2019-blindness-detection/train_images/67844c46bc61.png
698d6e422a80,2,/kaggle/input/competitions/aptos2019-blindness-detection/train_images/698d6e422a80.png
98d41bce73a8,0,/kaggle/input/competitions/aptos2019-blindness-detection/train_images/98d41bce73a8.png
de6210f88536,0,/kaggle/input/competitions/aptos2019-blindness-detection/train_images/de6210f88536.png
d6f36ec5564a,0,/kaggle/input/competitions/aptos2019-blindness-detection/train_images/d6f36ec5564a.png
842d697884f6,2,/kaggle/input/competitions/aptos2019-blindness-detection/train_images/842d697884f6.png
351e842842a2,0,/kaggle/input/competitions/aptos2019-blindness-detection/train_images/351e842842a2.png
7179f85bfd6f,0,/kaggle/input/competitions/aptos2019-blindness-detection/train_images/7179f85bfd6f.png
d38cf0f4a9af,0,/kaggle/input/competitions/aptos2019-blindness-detection/train_images/d38cf0f4a9af.png
0024cdab0c1e,1,/kaggle/input/competitions/aptos2019-blindness-detection/train_images/0024cdab0c1e.png
5b994ff78547,0,/kaggle/input/competitions/aptos2019-blindness-detection/train_images/5b994ff78547.png
dd02d60bef14,0,/kaggle/input/competitions/aptos2019-blindness-detection/train_images/dd02d60bef14.png
0af296d2f04a,2,/kaggle/input/competitions/aptos2019-blindness-detection/train_images/0af296d2f04a.png
51d780864365,2,/kaggle/input/competitions/aptos2019-blindness-detection/train_images/51d780864365.png
0ae2dd2e09ea,0,/kaggle/input/competitions/aptos2019-blindness-detection/train_images/0ae2dd2e09ea.png
e33766353db2,0,/kaggle/input/competitions/aptos2019-blindness-detection/train_images/e33766353db2.png
63b71347e95d,0,/kaggle/input/competitions/aptos2019-blindness-detection/train_images/63b71347e95d.png
52ddde91a349,0,/kaggle/input/competitions/aptos2019-blindness-detection/train_images/52ddde91a349.png
a505981d1cab,2,/kaggle/input/competitions/aptos2019-blindness-detection/train_images/a505981d1cab.png
eb6b1f1c09db,0,/kaggle/input/competitions/aptos2019-blindness-detection/train_images/eb6b1f1c09db.png
4927945ecfed,0,/kaggle/input/competitions/aptos2019-blindness-detection/train_images/4927945ecfed.png
360832d84ce0,0,/kaggle/input/competitions/aptos2019-blindness-detection/train_images/360832d84ce0.png
5cde55f745af,2,/kaggle/input/competitions/aptos2019-blindness-detection/train_images/5cde55f745af.png
66460ecab347,0,/kaggle/input/competitions/aptos2019-blindness-detection/train_images/66460ecab347.png
3c726de3ee90,1,/kaggle/input/competitions/aptos2019-blindness-detection/train_images/3c726de3ee90.png
4d3de40ced3a,0,/kaggle/input/competitions/aptos2019-blindness-detection/train_images/4d3de40ced3a.png
c373b73a80c8,0,/kaggle/input/competitions/aptos2019-blindness-detection/train_images/c373b73a80c8.png
d85588ff2ebd,1,/kaggle/input/competitions/aptos2019-blindness-detection/train_images/d85588ff2ebd.png
9232dc06cfdc,0,/kaggle/input/competitions/aptos2019-blindness-detection/train_images/9232dc06cfdc.png
bfa30ebf63a8,0,/kaggle/input/competitions/aptos2019-blindness-detection/train_images/bfa30ebf63a8.png
3178559fbf57,0,/kaggle/input/competitions/aptos2019-blindness-detection/train_images/3178559fbf57.png
d1a60c3b9fe5,0,/kaggle/input/competitions/aptos2019-blindness-detection/train_images/d1a60c3b9fe5.png
3cdef7c591cc,0,/kaggle/input/competitions/aptos2019-blindness-detection/train_images/3cdef7c591cc.png
034cb07a550f,4,/kaggle/input/competitions/aptos2019-blindness-detection/train_images/034cb07a550f.png
fca1a8738b8a,0,/kaggle/input/competitions/aptos2019-blindness-detection/train_images/fca1a8738b8a.png
881ec6186e68,0,/kaggle/input/competitions/aptos2019-blindness-detection/train_images/881ec6186e68.png
5d3c8c1f57da,0,/kaggle/input/competitions/aptos2019-blindness-detection/train_images/5d3c8c1f57da.png
c947bb6cf9f6,0,/kaggle/input/competitions/aptos2019-blindness-detection/train_images/c947bb6cf9f6.png
07a2b8cabf6b,0,/kaggle/input/competitions/aptos2019-blindness-detection/train_images/07a2b8cabf6b.png
c6229222bf22,0,/kaggle/input/competitions/aptos2019-blindness-detection/train_images/c6229222bf22.png
5d4e5fd34d91,0,/kaggle/input/competitions/aptos2019-blindness-detection/train_images/5d4e5fd34d91.png
408ea9d5e082,4,/kaggle/input/competitions/aptos2019-blindness-detection/train_images/408ea9d5e082.png
12025b34deb8,2,/kaggle/input/competitions/aptos2019-blindness-detection/train_images/12025b34deb8.png
78d53c82a23e,2,/kaggle/input/competitions/aptos2019-blindness-detection/train_images/78d53c82a23e.png
537e5c578f40,0,/kaggle/input/competitions/aptos2019-blindness-detection/train_images/537e5c578f40.png
a30a143a53a3,0,/kaggle/input/competitions/aptos2019-blindness-detection/train_images/a30a143a53a3.png
ffa47f6a7bf4,2,/kaggle/input/competitions/aptos2019-blindness-detection/train_images/ffa47f6a7bf4.png
e6f0ce5bf282,2,/kaggle/input/competitions/aptos2019-blindness-detection/train_images/e6f0ce5bf282.png
5777ef74c9ec,1,/kaggle/input/competitions/aptos2019-blindness-detection/train_images/5777ef74c9ec.png
8596a24a14bd,4,/kaggle/input/competitions/aptos2019-blindness-detection/train_images/8596a24a14bd.png
c252da9b41d8,2,/kaggle/input/competitions/aptos2019-blindness-detection/train_images/c252da9b41d8.png
8cb6b5b2f19c,2,/kaggle/input/competitions/aptos2019-blindness-detection/train_images/8cb6b5b2f19c.png
613028ede6a0,4,/kaggle/input/competitions/aptos2019-blindness-detection/train_images/613028ede6a0.png
6089fa333013,3,/kaggle/input/competitions/aptos2019-blindness-detection/train_images/6089fa333013.png
28503940d10b,0,/kaggle/input/competitions/aptos2019-blindness-detection/train_images/28503940d10b.png
1d11794057ff,1,/kaggle/input/competitions/aptos2019-blindness-detection/train_images/1d11794057ff.png
9274e75dc4d5,0,/kaggle/input/competitions/aptos2019-blindness-detection/train_images/9274e75dc4d5.png
2585bbc91909,0,/kaggle/input/competitions/aptos2019-blindness-detection/train_images/2585bbc91909.png
737ef6226677,0,/kaggle/input/competitions/aptos2019-blindness-detection/train_images/737ef6226677.png
0097f532ac9f,0,/kaggle/input/competitions/aptos2019-blindness-detection/train_images/0097f532ac9f.png
b402daa0864c,2,/kaggle/input/competitions/aptos2019-blindness-detection/train_images/b402daa0864c.png
02dda30d3acf,4,/kaggle/input/competitions/aptos2019-blindness-detection/train_images/02dda30d3acf.png
f5733f77273d,0,/kaggle/input/competitions/aptos2019-blindness-detection/train_images/f5733f77273d.png
86d58f850a0c,0,/kaggle/input/competitions/aptos2019-blindness-detection/train_images/86d58f850a0c.png
e9678824215d,0,/kaggle/input/competitions/aptos2019-blindness-detection/train_images/e9678824215d.png
4c60b10a3a6a,3,/kaggle/input/competitions/aptos2019-blindness-detection/train_images/4c60b10a3a6a.png
4d21ce39c905,2,/kaggle/input/competitions/aptos2019-blindness-detection/train_images/4d21ce39c905.png
4a3da369b227,4,/kaggle/input/competitions/aptos2019-blindness-detection/train_images/4a3da369b227.png
1594ca6c30d3,2,/kaggle/input/competitions/aptos2019-blindness-detection/train_images/1594ca6c30d3.png
80ed04a84a16,0,/kaggle/input/competitions/aptos2019-blindness-detection/train_images/80ed04a84a16.png
7dee6bf8b9c1,2,/kaggle/input/competitions/aptos2019-blindness-detection/train_images/7dee6bf8b9c1.png
77543f66a84a,2,/kaggle/input/competitions/aptos2019-blindness-detection/train_images/77543f66a84a.png
2fdfb80ea53c,0,/kaggle/input/competitions/aptos2019-blindness-detection/train_images/2fdfb80ea53c.png
fc603cbedb41,2,/kaggle/input/competitions/aptos2019-blindness-detection/train_images/fc603cbedb41.png
96c3e3db68bc,2,/kaggle/input/competitions/aptos2019-blindness-detection/train_images/96c3e3db68bc.png
6fe67482bfae,4,/kaggle/input/competitions/aptos2019-blindness-detection/train_images/6fe67482bfae.png
77a1f1398fdb,0,/kaggle/input/competitions/aptos2019-blindness-detection/train_images/77a1f1398fdb.png
62318d514160,4,/kaggle/input/competitions/aptos2019-blindness-detection/train_images/62318d514160.png
cfd1bd0fcbb4,1,/kaggle/input/competitions/aptos2019-blindness-detection/train_images/cfd1bd0fcbb4.png
e9f3c85a2a02,0,/kaggle/input/competitions/aptos2019-blindness-detection/train_images/e9f3c85a2a02.png
aec51513cf45,0,/kaggle/input/competitions/aptos2019-blindness-detection/train_images/aec51513cf45.png
c096131ad065,0,/kaggle/input/competitions/aptos2019-blindness-detection/train_images/c096131ad065.png
67ed8cc78b97,0,/kaggle/input/competitions/aptos2019-blindness-detection/train_images/67ed8cc78b97.png
a0d04a19cf40,2,/kaggle/input/competitions/aptos2019-blindness-detection/train_images/a0d04a19cf40.png
aa8a1e814811,0,/kaggle/input/competitions/aptos2019-blindness-detection/train_images/aa8a1e814811.png
caec68f11c86,2,/kaggle/input/competitions/aptos2019-blindness-detection/train_images/caec68f11c86.png
b49b2fac2514,4,/kaggle/input/competitions/aptos2019-blindness-detection/train_images/b49b2fac2514.png
417f408ee8e0,2,/kaggle/input/competitions/aptos2019-blindness-detection/train_images/417f408ee8e0.png
838b3e4d0bb4,0,/kaggle/input/competitions/aptos2019-blindness-detection/train_images/838b3e4d0bb4.png
d6228d951958,2,/kaggle/input/competitions/aptos2019-blindness-detection/train_images/d6228d951958.png
be7bc89f5fec,2,/kaggle/input/competitions/aptos2019-blindness-detection/train_images/be7bc89f5fec.png
a15590a7d774,2,/kaggle/input/competitions/aptos2019-blindness-detection/train_images/a15590a7d774.png
65f5d2a6eb7e,0,/kaggle/input/competitions/aptos2019-blindness-detection/train_images/65f5d2a6eb7e.png
6cbc3dad809c,2,/kaggle/input/competitions/aptos2019-blindness-detection/train_images/6cbc3dad809c.png
e4d3d437b0a8,0,/kaggle/input/competitions/aptos2019-blindness-detection/train_images/e4d3d437b0a8.png
164cd5a3a6cd,0,/kaggle/input/competitions/aptos2019-blindness-detection/train_images/164cd5a3a6cd.png
84c663f39632,4,/kaggle/input/competitions/aptos2019-blindness-detection/train_images/84c663f39632.png
d93b61dc8f64,0,/kaggle/input/competitions/aptos2019-blindness-detection/train_images/d93b61dc8f64.png
4b6895d0cf8d,0,/kaggle/input/competitions/aptos2019-blindness-detection/train_images/4b6895d0cf8d.png
ee1ec90b980f,4,/kaggle/input/competitions/aptos2019-blindness-detection/train_images/ee1ec90b980f.png
2e26762daed5,2,/kaggle/input/competitions/aptos2019-blindness-detection/train_images/2e26762daed5.png
fbfa925506f6,0,/kaggle/input/competitions/aptos2019-blindness-detection/train_images/fbfa925506f6.png
dcf109df1a2b,0,/kaggle/input/competitions/aptos2019-blindness-detection/train_images/dcf109df1a2b.png
49386d603494,1,/kaggle/input/competitions/aptos2019-blindness-detection/train_images/49386d603494.png
936299166bea,0,/kaggle/input/competitions/aptos2019-blindness-detection/train_images/936299166bea.png
b468ebf5cb11,2,/kaggle/input/competitions/aptos2019-blindness-detection/train_images/b468ebf5cb11.png
6dfd80748e72,2,/kaggle/input/competitions/aptos2019-blindness-detection/train_images/6dfd80748e72.png
e6a58edc5b42,2,/kaggle/input/competitions/aptos2019-blindness-detection/train_images/e6a58edc5b42.png
bc73ce76ec43,1,/kaggle/input/competitions/aptos2019-blindness-detection/train_images/bc73ce76ec43.png
441117562359,2,/kaggle/input/competitions/aptos2019-blindness-detection/train_images/441117562359.png
e907d23cce3d,0,/kaggle/input/competitions/aptos2019-blindness-detection/train_images/e907d23cce3d.png
63363410389a,1,/kaggle/input/competitions/aptos2019-blindness-detection/train_images/63363410389a.png
5a5d3798c357,2,/kaggle/input/competitions/aptos2019-blindness-detection/train_images/5a5d3798c357.png
a0cd7bffdaa0,4,/kaggle/input/competitions/aptos2019-blindness-detection/train_images/a0cd7bffdaa0.png
0851d6a69589,0,/kaggle/input/competitions/aptos2019-blindness-detection/train_images/0851d6a69589.png
07a1c7073982,1,/kaggle/input/competitions/aptos2019-blindness-detection/train_images/07a1c7073982.png
28f93cad89c5,2,/kaggle/input/competitions/aptos2019-blindness-detection/train_images/28f93cad89c5.png
3f8d5c940ba4,2,/kaggle/input/competitions/aptos2019-blindness-detection/train_images/3f8d5c940ba4.png
a247961a5cd9,0,/kaggle/input/competitions/aptos2019-blindness-detection/train_images/a247961a5cd9.png
e540d2e35d15,2,/kaggle/input/competitions/aptos2019-blindness-detection/train_images/e540d2e35d15.png
f9e779a13204,2,/kaggle/input/competitions/aptos2019-blindness-detection/train_images/f9e779a13204.png
6d5a8362dd1e,0,/kaggle/input/competitions/aptos2019-blindness-detection/train_images/6d5a8362dd1e.png
cff262ed8f4c,0,/kaggle/input/competitions/aptos2019-blindness-detection/train_images/cff262ed8f4c.png
9f436886e056,2,/kaggle/input/competitions/aptos2019-blindness-detection/train_images/9f436886e056.png
5814cbd2e9bf,0,/kaggle/input/competitions/aptos2019-blindness-detection/train_images/5814cbd2e9bf.png
8af6a4e5396f,4,/kaggle/input/competitions/aptos2019-blindness-detection/train_images/8af6a4e5396f.png
7d48f8cdfb69,0,/kaggle/input/competitions/aptos2019-blindness-detection/train_images/7d48f8cdfb69.png
fed5bb685832,0,/kaggle/input/competitions/aptos2019-blindness-detection/train_images/fed5bb685832.png
8241e43408a8,0,/kaggle/input/competitions/aptos2019-blindness-detection/train_images/8241e43408a8.png
299086c6d1b5,3,/kaggle/input/competitions/aptos2019-blindness-detection/train_images/299086c6d1b5.png
5e97cb2b0888,0,/kaggle/input/competitions/aptos2019-blindness-detection/train_images/5e97cb2b0888.png
91a88d3b0358,2,/kaggle/input/competitions/aptos2019-blindness-detection/train_images/91a88d3b0358.png
9287e57326d0,0,/kaggle/input/competitions/aptos2019-blindness-detection/train_images/9287e57326d0.png
d91273efb92a,2,/kaggle/input/competitions/aptos2019-blindness-detection/train_images/d91273efb92a.png
ad12cde115ab,0,/kaggle/input/competitions/aptos2019-blindness-detection/train_images/ad12cde115ab.png
62cc7ddb53b6,2,/kaggle/input/competitions/aptos2019-blindness-detection/train_images/62cc7ddb53b6.png
83517eaeccb9,0,/kaggle/input/competitions/aptos2019-blindness-detection/train_images/83517eaeccb9.png
19244004583f,3,/kaggle/input/competitions/aptos2019-blindness-detection/train_images/19244004583f.png
6fe67fd7f5d1,0,/kaggle/input/competitions/aptos2019-blindness-detection/train_images/6fe67fd7f5d1.png
5b3e7197ac1c,3,/kaggle/input/competitions/aptos2019-blindness-detection/train_images/5b3e7197ac1c.png
896ad584a841,0,/kaggle/input/competitions/aptos2019-blindness-detection/train_images/896ad584a841.png
7350c50667c5,2,/kaggle/input/competitions/aptos2019-blindness-detection/train_images/7350c50667c5.png
7ee6de71c140,0,/kaggle/input/competitions/aptos2019-blindness-detection/train_images/7ee6de71c140.png
c280730cc211,2,/kaggle/input/competitions/aptos2019-blindness-detection/train_images/c280730cc211.png
7a238a1d3cf3,4,/kaggle/input/competitions/aptos2019-blindness-detection/train_images/7a238a1d3cf3.png
3f0d3629d69e,0,/kaggle/input/competitions/aptos2019-blindness-detection/train_images/3f0d3629d69e.png
1968183f0e61,2,/kaggle/input/competitions/aptos2019-blindness-detection/train_images/1968183f0e61.png
6df8b7b6e837,0,/kaggle/input/competitions/aptos2019-blindness-detection/train_images/6df8b7b6e837.png
33596a635b53,0,/kaggle/input/competitions/aptos2019-blindness-detection/train_images/33596a635b53.png
e246cd89e1cc,0,/kaggle/input/competitions/aptos2019-blindness-detection/train_images/e246cd89e1cc.png
bb733062f494,2,/kaggle/input/competitions/aptos2019-blindness-detection/train_images/bb733062f494.png
ba2ea9182090,0,/kaggle/input/competitions/aptos2019-blindness-detection/train_images/ba2ea9182090.png
d9ba044671e1,4,/kaggle/input/competitions/aptos2019-blindness-detection/train_images/d9ba044671e1.png
57760be09c03,2,/kaggle/input/competitions/aptos2019-blindness-detection/train_images/57760be09c03.png
4554062fa836,0,/kaggle/input/competitions/aptos2019-blindness-detection/train_images/4554062fa836.png
be8697eb2078,0,/kaggle/input/competitions/aptos2019-blindness-detection/train_images/be8697eb2078.png
7c629b491d1a,4,/kaggle/input/competitions/aptos2019-blindness-detection/train_images/7c629b491d1a.png
7e6e90a93aa5,2,/kaggle/input/competitions/aptos2019-blindness-detection/train_images/7e6e90a93aa5.png
bdb98063fe84,2,/kaggle/input/competitions/aptos2019-blindness-detection/train_images/bdb98063fe84.png
2a08ed6bbcbc,1,/kaggle/input/competitions/aptos2019-blindness-detection/train_images/2a08ed6bbcbc.png
15b21c80cc31,0,/kaggle/input/competitions/aptos2019-blindness-detection/train_images/15b21c80cc31.png
059bc89df7f4,1,/kaggle/input/competitions/aptos2019-blindness-detection/train_images/059bc89df7f4.png
da8900ac7f29,2,/kaggle/input/competitions/aptos2019-blindness-detection/train_images/da8900ac7f29.png
499c8df39222,4,/kaggle/input/competitions/aptos2019-blindness-detection/train_images/499c8df39222.png
6d10709053ae,0,/kaggle/input/competitions/aptos2019-blindness-detection/train_images/6d10709053ae.png
90bde2ff8953,0,/kaggle/input/competitions/aptos2019-blindness-detection/train_images/90bde2ff8953.png
2bbcfdc477db,4,/kaggle/input/competitions/aptos2019-blindness-detection/train_images/2bbcfdc477db.png
cfdbaef73a8b,0,/kaggle/input/competitions/aptos2019-blindness-detection/train_images/cfdbaef73a8b.png
191348830ddf,2,/kaggle/input/competitions/aptos2019-blindness-detection/train_images/191348830ddf.png
0a09aa7356c0,2,/kaggle/input/competitions/aptos2019-blindness-detection/train_images/0a09aa7356c0.png
73a07e2ea23e,0,/kaggle/input/competitions/aptos2019-blindness-detection/train_images/73a07e2ea23e.png
9bbb6c455913,0,/kaggle/input/competitions/aptos2019-blindness-detection/train_images/9bbb6c455913.png
bacfa2b8e706,0,/kaggle/input/competitions/aptos2019-blindness-detection/train_images/bacfa2b8e706.png
b0acd3593310,0,/kaggle/input/competitions/aptos2019-blindness-detection/train_images/b0acd3593310.png
fc782722a50c,0,/kaggle/input/competitions/aptos2019-blindness-detection/train_images/fc782722a50c.png
63e041a757eb,0,/kaggle/input/competitions/aptos2019-blindness-detection/train_images/63e041a757eb.png
da2bdf4236ac,0,/kaggle/input/competitions/aptos2019-blindness-detection/train_images/da2bdf4236ac.png
e229aca862c7,2,/kaggle/input/competitions/aptos2019-blindness-detection/train_images/e229aca862c7.png
302bcdb635ff,2,/kaggle/input/competitions/aptos2019-blindness-detection/train_images/302bcdb635ff.png
b60dbf9f0744,2,/kaggle/input/competitions/aptos2019-blindness-detection/train_images/b60dbf9f0744.png
0dce95217626,1,/kaggle/input/competitions/aptos2019-blindness-detection/train_images/0dce95217626.png
a8b3c0961d42,0,/kaggle/input/competitions/aptos2019-blindness-detection/train_images/a8b3c0961d42.png
1177d583c807,2,/kaggle/input/competitions/aptos2019-blindness-detection/train_images/1177d583c807.png
259d30f693b6,1,/kaggle/input/competitions/aptos2019-blindness-detection/train_images/259d30f693b6.png
a70d0f12a641,0,/kaggle/input/competitions/aptos2019-blindness-detection/train_images/a70d0f12a641.png
0da09e3ce8f1,2,/kaggle/input/competitions/aptos2019-blindness-detection/train_images/0da09e3ce8f1.png
0a4e1a29ffff,0,/kaggle/input/competitions/aptos2019-blindness-detection/train_images/0a4e1a29ffff.png
7d1da90d3ca9,2,/kaggle/input/competitions/aptos2019-blindness-detection/train_images/7d1da90d3ca9.png
a150ff5dfe07,2,/kaggle/input/competitions/aptos2019-blindness-detection/train_images/a150ff5dfe07.png
ca05f7e7801b,0,/kaggle/input/competitions/aptos2019-blindness-detection/train_images/ca05f7e7801b.png
df8365d6ac33,2,/kaggle/input/competitions/aptos2019-blindness-detection/train_images/df8365d6ac33.png
2ef10194e80d,0,/kaggle/input/competitions/aptos2019-blindness-detection/train_images/2ef10194e80d.png
7269a1d84a57,0,/kaggle/input/competitions/aptos2019-blindness-detection/train_images/7269a1d84a57.png
c9485c38fdd5,1,/kaggle/input/competitions/aptos2019-blindness-detection/train_images/c9485c38fdd5.png
f025f33b2c9b,4,/kaggle/input/competitions/aptos2019-blindness-detection/train_images/f025f33b2c9b.png
f5e9a307288c,2,/kaggle/input/competitions/aptos2019-blindness-detection/train_images/f5e9a307288c.png
6a244e855d0e,3,/kaggle/input/competitions/aptos2019-blindness-detection/train_images/6a244e855d0e.png
1c9521878baf,3,/kaggle/input/competitions/aptos2019-blindness-detection/train_images/1c9521878baf.png
61f403fdb434,4,/kaggle/input/competitions/aptos2019-blindness-detection/train_images/61f403fdb434.png
eb1ad14dd281,2,/kaggle/input/competitions/aptos2019-blindness-detection/train_images/eb1ad14dd281.png
218c822a3dd9,0,/kaggle/input/competitions/aptos2019-blindness-detection/train_images/218c822a3dd9.png
a654b25124c3,0,/kaggle/input/competitions/aptos2019-blindness-detection/train_images/a654b25124c3.png
49a4765f8822,2,/kaggle/input/competitions/aptos2019-blindness-detection/train_images/49a4765f8822.png
8ffa608170d3,0,/kaggle/input/competitions/aptos2019-blindness-detection/train_images/8ffa608170d3.png
8e63fc4ab532,2,/kaggle/input/competitions/aptos2019-blindness-detection/train_images/8e63fc4ab532.png
1e8c31e29dd3,0,/kaggle/input/competitions/aptos2019-blindness-detection/train_images/1e8c31e29dd3.png
f9d52509c571,0,/kaggle/input/competitions/aptos2019-blindness-detection/train_images/f9d52509c571.png
070f67572d03,3,/kaggle/input/competitions/aptos2019-blindness-detection/train_images/070f67572d03.png
1541226c5d72,2,/kaggle/input/competitions/aptos2019-blindness-detection/train_images/1541226c5d72.png
b7278b4f2448,1,/kaggle/input/competitions/aptos2019-blindness-detection/train_images/b7278b4f2448.png
17eb5d4ad740,2,/kaggle/input/competitions/aptos2019-blindness-detection/train_images/17eb5d4ad740.png
eb050765b323,0,/kaggle/input/competitions/aptos2019-blindness-detection/train_images/eb050765b323.png
05113073b268,0,/kaggle/input/competitions/aptos2019-blindness-detection/train_images/05113073b268.png
afc744fad65e,0,/kaggle/input/competitions/aptos2019-blindness-detection/train_images/afc744fad65e.png
b22354b5f94b,1,/kaggle/input/competitions/aptos2019-blindness-detection/train_images/b22354b5f94b.png
a476fd984005,2,/kaggle/input/competitions/aptos2019-blindness-detection/train_images/a476fd984005.png
54038e56131d,0,/kaggle/input/competitions/aptos2019-blindness-detection/train_images/54038e56131d.png
4958bfcc9f38,0,/kaggle/input/competitions/aptos2019-blindness-detection/train_images/4958bfcc9f38.png
97f290d31813,0,/kaggle/input/competitions/aptos2019-blindness-detection/train_images/97f290d31813.png
4bd941611343,4,/kaggle/input/competitions/aptos2019-blindness-detection/train_images/4bd941611343.png
33e7bf536fc5,0,/kaggle/input/competitions/aptos2019-blindness-detection/train_images/33e7bf536fc5.png
cb68fce07789,0,/kaggle/input/competitions/aptos2019-blindness-detection/train_images/cb68fce07789.png
aeb6f4fd2eed,0,/kaggle/input/competitions/aptos2019-blindness-detection/train_images/aeb6f4fd2eed.png
6d7d26025122,4,/kaggle/input/competitions/aptos2019-blindness-detection/train_images/6d7d26025122.png
6c9c902a97de,0,/kaggle/input/competitions/aptos2019-blindness-detection/train_images/6c9c902a97de.png
b9b6ee2b9453,2,/kaggle/input/competitions/aptos2019-blindness-detection/train_images/b9b6ee2b9453.png
0b8bdec9d869,0,/kaggle/input/competitions/aptos2019-blindness-detection/train_images/0b8bdec9d869.png
19ef4d292196,4,/kaggle/input/competitions/aptos2019-blindness-detection/train_images/19ef4d292196.png
63c3c571b8ee,2,/kaggle/input/competitions/aptos2019-blindness-detection/train_images/63c3c571b8ee.png
2e79041ef722,2,/kaggle/input/competitions/aptos2019-blindness-detection/train_images/2e79041ef722.png
a53d6d2472a6,0,/kaggle/input/competitions/aptos2019-blindness-detection/train_images/a53d6d2472a6.png
b6fd109b1bc9,0,/kaggle/input/competitions/aptos2019-blindness-detection/train_images/b6fd109b1bc9.png
84b472c49cfa,0,/kaggle/input/competitions/aptos2019-blindness-detection/train_images/84b472c49cfa.png
58f07741ee3b,0,/kaggle/input/competitions/aptos2019-blindness-detection/train_images/58f07741ee3b.png
511fd66b2df8,0,/kaggle/input/competitions/aptos2019-blindness-detection/train_images/511fd66b2df8.png
7b211d8bd249,4,/kaggle/input/competitions/aptos2019-blindness-detection/train_images/7b211d8bd249.png
27f82ada84ac,0,/kaggle/input/competitions/aptos2019-blindness-detection/train_images/27f82ada84ac.png
fce73678f650,0,/kaggle/input/competitions/aptos2019-blindness-detection/train_images/fce73678f650.png
a7ec056502e7,1,/kaggle/input/competitions/aptos2019-blindness-detection/train_images/a7ec056502e7.png
7fc3a8bb40de,0,/kaggle/input/competitions/aptos2019-blindness-detection/train_images/7fc3a8bb40de.png
bfdee9be1f1d,4,/kaggle/input/competitions/aptos2019-blindness-detection/train_images/bfdee9be1f1d.png
fd079d2e93a2,0,/kaggle/input/competitions/aptos2019-blindness-detection/train_images/fd079d2e93a2.png
3a122851e526,2,/kaggle/input/competitions/aptos2019-blindness-detection/train_images/3a122851e526.png
eedae6b28f96,0,/kaggle/input/competitions/aptos2019-blindness-detection/train_images/eedae6b28f96.png
08bef347f40d,0,/kaggle/input/competitions/aptos2019-blindness-detection/train_images/08bef347f40d.png
04a6fc58dabc,2,/kaggle/input/competitions/aptos2019-blindness-detection/train_images/04a6fc58dabc.png
1dfe599d12a9,0,/kaggle/input/competitions/aptos2019-blindness-detection/train_images/1dfe599d12a9.png
4a558a1cd243,2,/kaggle/input/competitions/aptos2019-blindness-detection/train_images/4a558a1cd243.png
2221cf5c7935,0,/kaggle/input/competitions/aptos2019-blindness-detection/train_images/2221cf5c7935.png
1b862fb6f65d,0,/kaggle/input/competitions/aptos2019-blindness-detection/train_images/1b862fb6f65d.png
03a7f4a5786f,4,/kaggle/input/competitions/aptos2019-blindness-detection/train_images/03a7f4a5786f.png
d85a842d20bd,2,/kaggle/input/competitions/aptos2019-blindness-detection/train_images/d85a842d20bd.png
bf7221a016b5,0,/kaggle/input/competitions/aptos2019-blindness-detection/train_images/bf7221a016b5.png
66bfec8d6bcd,0,/kaggle/input/competitions/aptos2019-blindness-detection/train_images/66bfec8d6bcd.png
0a61bddab956,1,/kaggle/input/competitions/aptos2019-blindness-detection/train_images/0a61bddab956.png
6f4719c6bb4b,4,/kaggle/input/competitions/aptos2019-blindness-detection/train_images/6f4719c6bb4b.png
53ddae6a619e,0,/kaggle/input/competitions/aptos2019-blindness-detection/train_images/53ddae6a619e.png
389552047476,0,/kaggle/input/competitions/aptos2019-blindness-detection/train_images/389552047476.png
8e6df9eedcd8,0,/kaggle/input/competitions/aptos2019-blindness-detection/train_images/8e6df9eedcd8.png
87b1938994b5,2,/kaggle/input/competitions/aptos2019-blindness-detection/train_images/87b1938994b5.png
8be6629a6039,0,/kaggle/input/competitions/aptos2019-blindness-detection/train_images/8be6629a6039.png
675de69373f8,0,/kaggle/input/competitions/aptos2019-blindness-detection/train_images/675de69373f8.png
6a57a3db3eff,0,/kaggle/input/competitions/aptos2019-blindness-detection/train_images/6a57a3db3eff.png
d10ef306996b,4,/kaggle/input/competitions/aptos2019-blindness-detection/train_images/d10ef306996b.png
d18e5b68f6d2,2,/kaggle/input/competitions/aptos2019-blindness-detection/train_images/d18e5b68f6d2.png
51405d042000,2,/kaggle/input/competitions/aptos2019-blindness-detection/train_images/51405d042000.png
50ddd7d976df,0,/kaggle/input/competitions/aptos2019-blindness-detection/train_images/50ddd7d976df.png
dd3176bacfe2,0,/kaggle/input/competitions/aptos2019-blindness-detection/train_images/dd3176bacfe2.png
48c49f662f7d,2,/kaggle/input/competitions/aptos2019-blindness-detection/train_images/48c49f662f7d.png
2776d70724d3,2,/kaggle/input/competitions/aptos2019-blindness-detection/train_images/2776d70724d3.png
7a06ea127e02,0,/kaggle/input/competitions/aptos2019-blindness-detection/train_images/7a06ea127e02.png
e16af45285e5,0,/kaggle/input/competitions/aptos2019-blindness-detection/train_images/e16af45285e5.png
ce887b196c23,2,/kaggle/input/competitions/aptos2019-blindness-detection/train_images/ce887b196c23.png
ac0a48ccbf70,0,/kaggle/input/competitions/aptos2019-blindness-detection/train_images/ac0a48ccbf70.png
d66b6f333dc7,1,/kaggle/input/competitions/aptos2019-blindness-detection/train_images/d66b6f333dc7.png
86e7f98f73f1,2,/kaggle/input/competitions/aptos2019-blindness-detection/train_images/86e7f98f73f1.png
38e0e28d35d3,1,/kaggle/input/competitions/aptos2019-blindness-detection/train_images/38e0e28d35d3.png
66366a90d1ef,0,/kaggle/input/competitions/aptos2019-blindness-detection/train_images/66366a90d1ef.png
e1dc02a3dc2a,0,/kaggle/input/competitions/aptos2019-blindness-detection/train_images/e1dc02a3dc2a.png
e9faf0296643,0,/kaggle/input/competitions/aptos2019-blindness-detection/train_images/e9faf0296643.png
83b61051737f,2,/kaggle/input/competitions/aptos2019-blindness-detection/train_images/83b61051737f.png
c755a0c4edcc,0,/kaggle/input/competitions/aptos2019-blindness-detection/train_images/c755a0c4edcc.png
762d6e5d5068,3,/kaggle/input/competitions/aptos2019-blindness-detection/train_images/762d6e5d5068.png
5e505e25cd3e,0,/kaggle/input/competitions/aptos2019-blindness-detection/train_images/5e505e25cd3e.png
12e6e66c80a7,2,/kaggle/input/competitions/aptos2019-blindness-detection/train_images/12e6e66c80a7.png
445a8a6da55c,0,/kaggle/input/competitions/aptos2019-blindness-detection/train_images/445a8a6da55c.png
f252046c0fe6,0,/kaggle/input/competitions/aptos2019-blindness-detection/train_images/f252046c0fe6.png
e2856afe62c5,2,/kaggle/input/competitions/aptos2019-blindness-detection/train_images/e2856afe62c5.png
462937ece243,0,/kaggle/input/competitions/aptos2019-blindness-detection/train_images/462937ece243.png
1db6bb46c102,0,/kaggle/input/competitions/aptos2019-blindness-detection/train_images/1db6bb46c102.png
a07d9a5045cb,0,/kaggle/input/competitions/aptos2019-blindness-detection/train_images/a07d9a5045cb.png
96ce10a1dbd7,0,/kaggle/input/competitions/aptos2019-blindness-detection/train_images/96ce10a1dbd7.png
a688f20f8895,2,/kaggle/input/competitions/aptos2019-blindness-detection/train_images/a688f20f8895.png
254052cf3e48,4,/kaggle/input/competitions/aptos2019-blindness-detection/train_images/254052cf3e48.png
a62ea0043aa7,2,/kaggle/input/competitions/aptos2019-blindness-detection/train_images/a62ea0043aa7.png
1269ab57c2e6,2,/kaggle/input/competitions/aptos2019-blindness-detection/train_images/1269ab57c2e6.png
895fe2bfc5b6,0,/kaggle/input/competitions/aptos2019-blindness-detection/train_images/895fe2bfc5b6.png
962cf85e4f6d,2,/kaggle/input/competitions/aptos2019-blindness-detection/train_images/962cf85e4f6d.png
0db1d8dcf219,0,/kaggle/input/competitions/aptos2019-blindness-detection/train_images/0db1d8dcf219.png
e663c6627a95,2,/kaggle/input/competitions/aptos2019-blindness-detection/train_images/e663c6627a95.png
dde43aa22ae6,2,/kaggle/input/competitions/aptos2019-blindness-detection/train_images/dde43aa22ae6.png
1f543a86c4d4,2,/kaggle/input/competitions/aptos2019-blindness-detection/train_images/1f543a86c4d4.png
4c9f0fdaaef7,3,/kaggle/input/competitions/aptos2019-blindness-detection/train_images/4c9f0fdaaef7.png
9e5737f771c3,0,/kaggle/input/competitions/aptos2019-blindness-detection/train_images/9e5737f771c3.png
4f7755e74a9e,1,/kaggle/input/competitions/aptos2019-blindness-detection/train_images/4f7755e74a9e.png
4b6cb0bcfd44,0,/kaggle/input/competitions/aptos2019-blindness-detection/train_images/4b6cb0bcfd44.png
3580a545016d,0,/kaggle/input/competitions/aptos2019-blindness-detection/train_images/3580a545016d.png
